,Дата,Вакансия,ЗП,Компания,Рейтинг компании,Необходимый уровень,Место работы,Тип занятости
0,8 июля,Сетевой инженер,,Резонит,,Средний (Middle),Москва,Полный рабочий день
1,8 июля,Техлид в Yandex Network Blockstore (C++),,Яндекс,3.6,Ведущий (Lead),Москва,Можно удаленно
2,8 июля,Эксперт по Информационной Безопасности,,Лаборатория Касперского,4.2,Информационная безопасность,Москва,Москва
3,8 июля,Инженер данных DWH в Вертикали,,Яндекс,3.6,SQL,Москва,Санкт-Петербург
4,8 июля,CIO в торгово-производственный холдинг (СПб),,EvoHiring,,Управление людьми,Санкт-Петербург,Полный рабочий день
5,8 июля,"Middle/Senior Business Analyst [МедиаСкаут, МТС Веб Сервисы]",,МТС,4.76,Средний (Middle),Москва,Можно удаленно
6,8 июля,Data Engineer,,Bell Integrator,4.56,Старший (Senior),Москва,Полный рабочий день
7,8 июля,.Net Developer,,Bell Integrator,4.56,Средний (Middle),Москва,Можно удаленно
8,8 июля,Маркетинговый аналитик ,от 60 000 ₽,МТС,4.76,Средний (Middle),Грозный,Грозный
9,8 июля,Инженер систем мониторинга,,Цифровой аудит,,Старший (Senior),Москва,Полный рабочий день
10,8 июля,ML Engineer (TTS Text-to-speech),,Сбер,3.74,Старший (Senior),Москва,Полный рабочий день
11,8 июля,Менеджер по внутренним коммуникациям (IT),,ЛАНИТ,4.67,Средний (Middle),Москва,Полный рабочий день
12,8 июля, Разработчик Node.js (офис),,Совкомбанк Технологии,4.76,Старший (Senior),Санкт-Петербург,Полный рабочий день
13,8 июля,DevOps Engineer,,Сбер,3.74,Старший (Senior),Москва,Полный рабочий день
14,8 июля,Системный архитектор,,БФТ - Холдинг,4.45,Ведущий (Lead),,Можно удаленно
15,8 июля,SRE-инженер,,Магнит,3.44,Средний (Middle),Москва,Можно удаленно
16,8 июля,Robotics Software Engineer,,Сбер,3.74,Старший (Senior),Москва,Полный рабочий день
17,8 июля,Python Developer (Центр Искусственного интеллекта),,Сбер,3.74,Старший (Senior),Москва,Полный рабочий день
18,8 июля,Дежурный администратор (Дубна),,АО «ГНИВЦ»,4.63,Средний (Middle),Дубна,Полный рабочий день
19,8 июля,Продуктовый аналитик в команду Личного кабинета,,2GIS,4.67,SQL,Москва,Можно удаленно
20,8 июля,"Developer C++ (CoreTech, Monorepo)",,Лаборатория Касперского,4.2,Разработка программного обеспечения,,Можно удаленно
21,8 июля,Developer C++ (SDL),,Лаборатория Касперского,4.2,Разработка программного обеспечения,,Можно удаленно
22,8 июля," Fullstack разработчик JavaScript, php",от 100 000 до 150 000 ₽,Дорстрой-36,,Средний (Middle),Воронеж,Полный рабочий день
23,8 июля,Аналитик данных,,AstraZeneca,,SQL,Москва,Москва
24,8 июля,Разработчик в группу мобильных интерфейсов автономного транспорта ,,Яндекс,3.6,Старший (Senior),Москва,Полный рабочий день
25,8 июля,Сетевой инженер,,Резонит,,Средний (Middle),Москва,Полный рабочий день
26,8 июля,Техлид в Yandex Network Blockstore (C++),,Яндекс,3.6,Ведущий (Lead),Москва,Можно удаленно
27,8 июля,Эксперт по Информационной Безопасности,,Лаборатория Касперского,4.2,Информационная безопасность,Москва,Москва
28,8 июля,Инженер данных DWH в Вертикали,,Яндекс,3.6,SQL,Москва,Санкт-Петербург
29,8 июля,CIO в торгово-производственный холдинг (СПб),,EvoHiring,,Управление людьми,Санкт-Петербург,Полный рабочий день
30,8 июля,"Middle/Senior Business Analyst [МедиаСкаут, МТС Веб Сервисы]",,МТС,4.76,Средний (Middle),Москва,Можно удаленно
31,8 июля,Data Engineer,,Bell Integrator,4.56,Старший (Senior),Москва,Полный рабочий день
32,8 июля,.Net Developer,,Bell Integrator,4.56,Средний (Middle),Москва,Можно удаленно
33,8 июля,Маркетинговый аналитик ,от 60 000 ₽,МТС,4.76,Средний (Middle),Грозный,Грозный
34,8 июля,Инженер систем мониторинга,,Цифровой аудит,,Старший (Senior),Москва,Полный рабочий день
35,8 июля,ML Engineer (TTS Text-to-speech),,Сбер,3.74,Старший (Senior),Москва,Полный рабочий день
36,8 июля,Менеджер по внутренним коммуникациям (IT),,ЛАНИТ,4.67,Средний (Middle),Москва,Полный рабочий день
37,8 июля, Разработчик Node.js (офис),,Совкомбанк Технологии,4.76,Старший (Senior),Санкт-Петербург,Полный рабочий день
38,8 июля,DevOps Engineer,,Сбер,3.74,Старший (Senior),Москва,Полный рабочий день
39,8 июля,Системный архитектор,,БФТ - Холдинг,4.45,Ведущий (Lead),,Можно удаленно
40,8 июля,SRE-инженер,,Магнит,3.44,Средний (Middle),Москва,Можно удаленно
41,8 июля,Robotics Software Engineer,,Сбер,3.74,Старший (Senior),Москва,Полный рабочий день
42,8 июля,Python Developer (Центр Искусственного интеллекта),,Сбер,3.74,Старший (Senior),Москва,Полный рабочий день
43,8 июля,Дежурный администратор (Дубна),,АО «ГНИВЦ»,4.63,Средний (Middle),Дубна,Полный рабочий день
44,8 июля,Продуктовый аналитик в команду Личного кабинета,,2GIS,4.67,SQL,Москва,Можно удаленно
45,8 июля,"Developer C++ (CoreTech, Monorepo)",,Лаборатория Касперского,4.2,Разработка программного обеспечения,,Можно удаленно
46,8 июля,Developer C++ (SDL),,Лаборатория Касперского,4.2,Разработка программного обеспечения,,Можно удаленно
47,8 июля," Fullstack разработчик JavaScript, php",от 100 000 до 150 000 ₽,Дорстрой-36,,Средний (Middle),Воронеж,Полный рабочий день
48,8 июля,Аналитик данных,,AstraZeneca,,SQL,Москва,Москва
49,8 июля,Разработчик в группу мобильных интерфейсов автономного транспорта ,,Яндекс,3.6,Старший (Senior),Москва,Полный рабочий день
50,8 июля,Сетевой инженер,,Резонит,,Средний (Middle),Москва,Полный рабочий день
51,8 июля,Техлид в Yandex Network Blockstore (C++),,Яндекс,3.6,Ведущий (Lead),Москва,Можно удаленно
52,8 июля,Эксперт по Информационной Безопасности,,Лаборатория Касперского,4.2,Информационная безопасность,Москва,Москва
53,8 июля,Инженер данных DWH в Вертикали,,Яндекс,3.6,SQL,Москва,Санкт-Петербург
54,8 июля,CIO в торгово-производственный холдинг (СПб),,EvoHiring,,Управление людьми,Санкт-Петербург,Полный рабочий день
55,8 июля,"Middle/Senior Business Analyst [МедиаСкаут, МТС Веб Сервисы]",,МТС,4.76,Средний (Middle),Москва,Можно удаленно
56,8 июля,Data Engineer,,Bell Integrator,4.56,Старший (Senior),Москва,Полный рабочий день
57,8 июля,.Net Developer,,Bell Integrator,4.56,Средний (Middle),Москва,Можно удаленно
58,8 июля,Маркетинговый аналитик ,от 60 000 ₽,МТС,4.76,Средний (Middle),Грозный,Грозный
59,8 июля,Инженер систем мониторинга,,Цифровой аудит,,Старший (Senior),Москва,Полный рабочий день
60,8 июля,ML Engineer (TTS Text-to-speech),,Сбер,3.74,Старший (Senior),Москва,Полный рабочий день
61,8 июля,Менеджер по внутренним коммуникациям (IT),,ЛАНИТ,4.67,Средний (Middle),Москва,Полный рабочий день
62,8 июля, Разработчик Node.js (офис),,Совкомбанк Технологии,4.76,Старший (Senior),Санкт-Петербург,Полный рабочий день
63,8 июля,DevOps Engineer,,Сбер,3.74,Старший (Senior),Москва,Полный рабочий день
64,8 июля,Системный архитектор,,БФТ - Холдинг,4.45,Ведущий (Lead),,Можно удаленно
65,8 июля,SRE-инженер,,Магнит,3.44,Средний (Middle),Москва,Можно удаленно
66,8 июля,Robotics Software Engineer,,Сбер,3.74,Старший (Senior),Москва,Полный рабочий день
67,8 июля,Python Developer (Центр Искусственного интеллекта),,Сбер,3.74,Старший (Senior),Москва,Полный рабочий день
68,8 июля,Дежурный администратор (Дубна),,АО «ГНИВЦ»,4.63,Средний (Middle),Дубна,Полный рабочий день
69,8 июля,Продуктовый аналитик в команду Личного кабинета,,2GIS,4.67,SQL,Москва,Можно удаленно
70,8 июля,"Developer C++ (CoreTech, Monorepo)",,Лаборатория Касперского,4.2,Разработка программного обеспечения,,Можно удаленно
71,8 июля,Developer C++ (SDL),,Лаборатория Касперского,4.2,Разработка программного обеспечения,,Можно удаленно
72,8 июля," Fullstack разработчик JavaScript, php",от 100 000 до 150 000 ₽,Дорстрой-36,,Средний (Middle),Воронеж,Полный рабочий день
73,8 июля,Аналитик данных,,AstraZeneca,,SQL,Москва,Москва
74,8 июля,Разработчик в группу мобильных интерфейсов автономного транспорта ,,Яндекс,3.6,Старший (Senior),Москва,Полный рабочий день
75,8 июля,Сетевой инженер,,Резонит,,Средний (Middle),Москва,Полный рабочий день
76,8 июля,Техлид в Yandex Network Blockstore (C++),,Яндекс,3.6,Ведущий (Lead),Москва,Можно удаленно
77,8 июля,Эксперт по Информационной Безопасности,,Лаборатория Касперского,4.2,Информационная безопасность,Москва,Москва
78,8 июля,Инженер данных DWH в Вертикали,,Яндекс,3.6,SQL,Москва,Санкт-Петербург
79,8 июля,CIO в торгово-производственный холдинг (СПб),,EvoHiring,,Управление людьми,Санкт-Петербург,Полный рабочий день
80,8 июля,"Middle/Senior Business Analyst [МедиаСкаут, МТС Веб Сервисы]",,МТС,4.76,Средний (Middle),Москва,Можно удаленно
81,8 июля,Data Engineer,,Bell Integrator,4.56,Старший (Senior),Москва,Полный рабочий день
82,8 июля,.Net Developer,,Bell Integrator,4.56,Средний (Middle),Москва,Можно удаленно
83,8 июля,Маркетинговый аналитик ,от 60 000 ₽,МТС,4.76,Средний (Middle),Грозный,Грозный
84,8 июля,Инженер систем мониторинга,,Цифровой аудит,,Старший (Senior),Москва,Полный рабочий день
85,8 июля,ML Engineer (TTS Text-to-speech),,Сбер,3.74,Старший (Senior),Москва,Полный рабочий день
86,8 июля,Менеджер по внутренним коммуникациям (IT),,ЛАНИТ,4.67,Средний (Middle),Москва,Полный рабочий день
87,8 июля, Разработчик Node.js (офис),,Совкомбанк Технологии,4.76,Старший (Senior),Санкт-Петербург,Полный рабочий день
88,8 июля,DevOps Engineer,,Сбер,3.74,Старший (Senior),Москва,Полный рабочий день
89,8 июля,Системный архитектор,,БФТ - Холдинг,4.45,Ведущий (Lead),,Можно удаленно
90,8 июля,SRE-инженер,,Магнит,3.44,Средний (Middle),Москва,Можно удаленно
91,8 июля,Robotics Software Engineer,,Сбер,3.74,Старший (Senior),Москва,Полный рабочий день
92,8 июля,Python Developer (Центр Искусственного интеллекта),,Сбер,3.74,Старший (Senior),Москва,Полный рабочий день
93,8 июля,Дежурный администратор (Дубна),,АО «ГНИВЦ»,4.63,Средний (Middle),Дубна,Полный рабочий день
94,8 июля,Продуктовый аналитик в команду Личного кабинета,,2GIS,4.67,SQL,Москва,Можно удаленно
95,8 июля,"Developer C++ (CoreTech, Monorepo)",,Лаборатория Касперского,4.2,Разработка программного обеспечения,,Можно удаленно
96,8 июля,Developer C++ (SDL),,Лаборатория Касперского,4.2,Разработка программного обеспечения,,Можно удаленно
97,8 июля," Fullstack разработчик JavaScript, php",от 100 000 до 150 000 ₽,Дорстрой-36,,Средний (Middle),Воронеж,Полный рабочий день
98,8 июля,Аналитик данных,,AstraZeneca,,SQL,Москва,Москва
99,8 июля,Разработчик в группу мобильных интерфейсов автономного транспорта ,,Яндекс,3.6,Старший (Senior),Москва,Полный рабочий день
100,8 июля,Сетевой инженер,,Резонит,,Средний (Middle),Москва,Полный рабочий день
101,8 июля,Техлид в Yandex Network Blockstore (C++),,Яндекс,3.6,Ведущий (Lead),Москва,Можно удаленно
102,8 июля,Эксперт по Информационной Безопасности,,Лаборатория Касперского,4.2,Информационная безопасность,Москва,Москва
103,8 июля,Инженер данных DWH в Вертикали,,Яндекс,3.6,SQL,Москва,Санкт-Петербург
104,8 июля,CIO в торгово-производственный холдинг (СПб),,EvoHiring,,Управление людьми,Санкт-Петербург,Полный рабочий день
105,8 июля,"Middle/Senior Business Analyst [МедиаСкаут, МТС Веб Сервисы]",,МТС,4.76,Средний (Middle),Москва,Можно удаленно
106,8 июля,Data Engineer,,Bell Integrator,4.56,Старший (Senior),Москва,Полный рабочий день
107,8 июля,.Net Developer,,Bell Integrator,4.56,Средний (Middle),Москва,Можно удаленно
108,8 июля,Маркетинговый аналитик ,от 60 000 ₽,МТС,4.76,Средний (Middle),Грозный,Грозный
109,8 июля,Инженер систем мониторинга,,Цифровой аудит,,Старший (Senior),Москва,Полный рабочий день
110,8 июля,ML Engineer (TTS Text-to-speech),,Сбер,3.74,Старший (Senior),Москва,Полный рабочий день
111,8 июля,Менеджер по внутренним коммуникациям (IT),,ЛАНИТ,4.67,Средний (Middle),Москва,Полный рабочий день
112,8 июля, Разработчик Node.js (офис),,Совкомбанк Технологии,4.76,Старший (Senior),Санкт-Петербург,Полный рабочий день
113,8 июля,DevOps Engineer,,Сбер,3.74,Старший (Senior),Москва,Полный рабочий день
114,8 июля,Системный архитектор,,БФТ - Холдинг,4.45,Ведущий (Lead),,Можно удаленно
115,8 июля,SRE-инженер,,Магнит,3.44,Средний (Middle),Москва,Можно удаленно
116,8 июля,Robotics Software Engineer,,Сбер,3.74,Старший (Senior),Москва,Полный рабочий день
117,8 июля,Python Developer (Центр Искусственного интеллекта),,Сбер,3.74,Старший (Senior),Москва,Полный рабочий день
118,8 июля,Дежурный администратор (Дубна),,АО «ГНИВЦ»,4.63,Средний (Middle),Дубна,Полный рабочий день
119,8 июля,Продуктовый аналитик в команду Личного кабинета,,2GIS,4.67,SQL,Москва,Можно удаленно
120,8 июля,"Developer C++ (CoreTech, Monorepo)",,Лаборатория Касперского,4.2,Разработка программного обеспечения,,Можно удаленно
121,8 июля,Developer C++ (SDL),,Лаборатория Касперского,4.2,Разработка программного обеспечения,,Можно удаленно
122,8 июля," Fullstack разработчик JavaScript, php",от 100 000 до 150 000 ₽,Дорстрой-36,,Средний (Middle),Воронеж,Полный рабочий день
123,8 июля,Аналитик данных,,AstraZeneca,,SQL,Москва,Москва
124,8 июля,Разработчик в группу мобильных интерфейсов автономного транспорта ,,Яндекс,3.6,Старший (Senior),Москва,Полный рабочий день
125,8 июля,Сетевой инженер,,Резонит,,Средний (Middle),Москва,Полный рабочий день
126,8 июля,Техлид в Yandex Network Blockstore (C++),,Яндекс,3.6,Ведущий (Lead),Москва,Можно удаленно
127,8 июля,Эксперт по Информационной Безопасности,,Лаборатория Касперского,4.2,Информационная безопасность,Москва,Москва
128,8 июля,Инженер данных DWH в Вертикали,,Яндекс,3.6,SQL,Москва,Санкт-Петербург
129,8 июля,CIO в торгово-производственный холдинг (СПб),,EvoHiring,,Управление людьми,Санкт-Петербург,Полный рабочий день
130,8 июля,"Middle/Senior Business Analyst [МедиаСкаут, МТС Веб Сервисы]",,МТС,4.76,Средний (Middle),Москва,Можно удаленно
131,8 июля,Data Engineer,,Bell Integrator,4.56,Старший (Senior),Москва,Полный рабочий день
132,8 июля,.Net Developer,,Bell Integrator,4.56,Средний (Middle),Москва,Можно удаленно
133,8 июля,Маркетинговый аналитик ,от 60 000 ₽,МТС,4.76,Средний (Middle),Грозный,Грозный
134,8 июля,Инженер систем мониторинга,,Цифровой аудит,,Старший (Senior),Москва,Полный рабочий день
135,8 июля,ML Engineer (TTS Text-to-speech),,Сбер,3.74,Старший (Senior),Москва,Полный рабочий день
136,8 июля,Менеджер по внутренним коммуникациям (IT),,ЛАНИТ,4.67,Средний (Middle),Москва,Полный рабочий день
137,8 июля, Разработчик Node.js (офис),,Совкомбанк Технологии,4.76,Старший (Senior),Санкт-Петербург,Полный рабочий день
138,8 июля,DevOps Engineer,,Сбер,3.74,Старший (Senior),Москва,Полный рабочий день
139,8 июля,Системный архитектор,,БФТ - Холдинг,4.45,Ведущий (Lead),,Можно удаленно
140,8 июля,SRE-инженер,,Магнит,3.44,Средний (Middle),Москва,Можно удаленно
141,8 июля,Robotics Software Engineer,,Сбер,3.74,Старший (Senior),Москва,Полный рабочий день
142,8 июля,Python Developer (Центр Искусственного интеллекта),,Сбер,3.74,Старший (Senior),Москва,Полный рабочий день
143,8 июля,Дежурный администратор (Дубна),,АО «ГНИВЦ»,4.63,Средний (Middle),Дубна,Полный рабочий день
144,8 июля,Продуктовый аналитик в команду Личного кабинета,,2GIS,4.67,SQL,Москва,Можно удаленно
145,8 июля,"Developer C++ (CoreTech, Monorepo)",,Лаборатория Касперского,4.2,Разработка программного обеспечения,,Можно удаленно
146,8 июля,Developer C++ (SDL),,Лаборатория Касперского,4.2,Разработка программного обеспечения,,Можно удаленно
147,8 июля," Fullstack разработчик JavaScript, php",от 100 000 до 150 000 ₽,Дорстрой-36,,Средний (Middle),Воронеж,Полный рабочий день
148,8 июля,Аналитик данных,,AstraZeneca,,SQL,Москва,Москва
149,8 июля,Разработчик в группу мобильных интерфейсов автономного транспорта ,,Яндекс,3.6,Старший (Senior),Москва,Полный рабочий день
150,8 июля,Сетевой инженер,,Резонит,,Средний (Middle),Москва,Полный рабочий день
151,8 июля,Техлид в Yandex Network Blockstore (C++),,Яндекс,3.6,Ведущий (Lead),Москва,Можно удаленно
152,8 июля,Эксперт по Информационной Безопасности,,Лаборатория Касперского,4.2,Информационная безопасность,Москва,Москва
153,8 июля,Инженер данных DWH в Вертикали,,Яндекс,3.6,SQL,Москва,Санкт-Петербург
154,8 июля,CIO в торгово-производственный холдинг (СПб),,EvoHiring,,Управление людьми,Санкт-Петербург,Полный рабочий день
155,8 июля,"Middle/Senior Business Analyst [МедиаСкаут, МТС Веб Сервисы]",,МТС,4.76,Средний (Middle),Москва,Можно удаленно
156,8 июля,Data Engineer,,Bell Integrator,4.56,Старший (Senior),Москва,Полный рабочий день
157,8 июля,.Net Developer,,Bell Integrator,4.56,Средний (Middle),Москва,Можно удаленно
158,8 июля,Маркетинговый аналитик ,от 60 000 ₽,МТС,4.76,Средний (Middle),Грозный,Грозный
159,8 июля,Инженер систем мониторинга,,Цифровой аудит,,Старший (Senior),Москва,Полный рабочий день
160,8 июля,ML Engineer (TTS Text-to-speech),,Сбер,3.74,Старший (Senior),Москва,Полный рабочий день
161,8 июля,Менеджер по внутренним коммуникациям (IT),,ЛАНИТ,4.67,Средний (Middle),Москва,Полный рабочий день
162,8 июля, Разработчик Node.js (офис),,Совкомбанк Технологии,4.76,Старший (Senior),Санкт-Петербург,Полный рабочий день
163,8 июля,DevOps Engineer,,Сбер,3.74,Старший (Senior),Москва,Полный рабочий день
164,8 июля,Системный архитектор,,БФТ - Холдинг,4.45,Ведущий (Lead),,Можно удаленно
165,8 июля,SRE-инженер,,Магнит,3.44,Средний (Middle),Москва,Можно удаленно
166,8 июля,Robotics Software Engineer,,Сбер,3.74,Старший (Senior),Москва,Полный рабочий день
167,8 июля,Python Developer (Центр Искусственного интеллекта),,Сбер,3.74,Старший (Senior),Москва,Полный рабочий день
168,8 июля,Дежурный администратор (Дубна),,АО «ГНИВЦ»,4.63,Средний (Middle),Дубна,Полный рабочий день
169,8 июля,Продуктовый аналитик в команду Личного кабинета,,2GIS,4.67,SQL,Москва,Можно удаленно
170,8 июля,"Developer C++ (CoreTech, Monorepo)",,Лаборатория Касперского,4.2,Разработка программного обеспечения,,Можно удаленно
171,8 июля,Developer C++ (SDL),,Лаборатория Касперского,4.2,Разработка программного обеспечения,,Можно удаленно
172,8 июля," Fullstack разработчик JavaScript, php",от 100 000 до 150 000 ₽,Дорстрой-36,,Средний (Middle),Воронеж,Полный рабочий день
173,8 июля,Аналитик данных,,AstraZeneca,,SQL,Москва,Москва
174,8 июля,Разработчик в группу мобильных интерфейсов автономного транспорта ,,Яндекс,3.6,Старший (Senior),Москва,Полный рабочий день
175,8 июля,Сетевой инженер,,Резонит,,Средний (Middle),Москва,Полный рабочий день
176,8 июля,Техлид в Yandex Network Blockstore (C++),,Яндекс,3.6,Ведущий (Lead),Москва,Можно удаленно
177,8 июля,Эксперт по Информационной Безопасности,,Лаборатория Касперского,4.2,Информационная безопасность,Москва,Москва
178,8 июля,Инженер данных DWH в Вертикали,,Яндекс,3.6,SQL,Москва,Санкт-Петербург
179,8 июля,CIO в торгово-производственный холдинг (СПб),,EvoHiring,,Управление людьми,Санкт-Петербург,Полный рабочий день
180,8 июля,"Middle/Senior Business Analyst [МедиаСкаут, МТС Веб Сервисы]",,МТС,4.76,Средний (Middle),Москва,Можно удаленно
181,8 июля,Data Engineer,,Bell Integrator,4.56,Старший (Senior),Москва,Полный рабочий день
182,8 июля,.Net Developer,,Bell Integrator,4.56,Средний (Middle),Москва,Можно удаленно
183,8 июля,Маркетинговый аналитик ,от 60 000 ₽,МТС,4.76,Средний (Middle),Грозный,Грозный
184,8 июля,Инженер систем мониторинга,,Цифровой аудит,,Старший (Senior),Москва,Полный рабочий день
185,8 июля,ML Engineer (TTS Text-to-speech),,Сбер,3.74,Старший (Senior),Москва,Полный рабочий день
186,8 июля,Менеджер по внутренним коммуникациям (IT),,ЛАНИТ,4.67,Средний (Middle),Москва,Полный рабочий день
187,8 июля, Разработчик Node.js (офис),,Совкомбанк Технологии,4.76,Старший (Senior),Санкт-Петербург,Полный рабочий день
188,8 июля,DevOps Engineer,,Сбер,3.74,Старший (Senior),Москва,Полный рабочий день
189,8 июля,Системный архитектор,,БФТ - Холдинг,4.45,Ведущий (Lead),,Можно удаленно
190,8 июля,SRE-инженер,,Магнит,3.44,Средний (Middle),Москва,Можно удаленно
191,8 июля,Robotics Software Engineer,,Сбер,3.74,Старший (Senior),Москва,Полный рабочий день
192,8 июля,Python Developer (Центр Искусственного интеллекта),,Сбер,3.74,Старший (Senior),Москва,Полный рабочий день
193,8 июля,Дежурный администратор (Дубна),,АО «ГНИВЦ»,4.63,Средний (Middle),Дубна,Полный рабочий день
194,8 июля,Продуктовый аналитик в команду Личного кабинета,,2GIS,4.67,SQL,Москва,Можно удаленно
195,8 июля,"Developer C++ (CoreTech, Monorepo)",,Лаборатория Касперского,4.2,Разработка программного обеспечения,,Можно удаленно
196,8 июля,Developer C++ (SDL),,Лаборатория Касперского,4.2,Разработка программного обеспечения,,Можно удаленно
197,8 июля," Fullstack разработчик JavaScript, php",от 100 000 до 150 000 ₽,Дорстрой-36,,Средний (Middle),Воронеж,Полный рабочий день
198,8 июля,Аналитик данных,,AstraZeneca,,SQL,Москва,Москва
199,8 июля,Разработчик в группу мобильных интерфейсов автономного транспорта ,,Яндекс,3.6,Старший (Senior),Москва,Полный рабочий день
200,8 июля,Сетевой инженер,,Резонит,,Средний (Middle),Москва,Полный рабочий день
201,8 июля,Техлид в Yandex Network Blockstore (C++),,Яндекс,3.6,Ведущий (Lead),Москва,Можно удаленно
202,8 июля,Эксперт по Информационной Безопасности,,Лаборатория Касперского,4.2,Информационная безопасность,Москва,Москва
203,8 июля,Инженер данных DWH в Вертикали,,Яндекс,3.6,SQL,Москва,Санкт-Петербург
204,8 июля,CIO в торгово-производственный холдинг (СПб),,EvoHiring,,Управление людьми,Санкт-Петербург,Полный рабочий день
205,8 июля,"Middle/Senior Business Analyst [МедиаСкаут, МТС Веб Сервисы]",,МТС,4.76,Средний (Middle),Москва,Можно удаленно
206,8 июля,Data Engineer,,Bell Integrator,4.56,Старший (Senior),Москва,Полный рабочий день
207,8 июля,.Net Developer,,Bell Integrator,4.56,Средний (Middle),Москва,Можно удаленно
208,8 июля,Маркетинговый аналитик ,от 60 000 ₽,МТС,4.76,Средний (Middle),Грозный,Грозный
209,8 июля,Инженер систем мониторинга,,Цифровой аудит,,Старший (Senior),Москва,Полный рабочий день
210,8 июля,ML Engineer (TTS Text-to-speech),,Сбер,3.74,Старший (Senior),Москва,Полный рабочий день
211,8 июля,Менеджер по внутренним коммуникациям (IT),,ЛАНИТ,4.67,Средний (Middle),Москва,Полный рабочий день
212,8 июля, Разработчик Node.js (офис),,Совкомбанк Технологии,4.76,Старший (Senior),Санкт-Петербург,Полный рабочий день
213,8 июля,DevOps Engineer,,Сбер,3.74,Старший (Senior),Москва,Полный рабочий день
214,8 июля,Системный архитектор,,БФТ - Холдинг,4.45,Ведущий (Lead),,Можно удаленно
215,8 июля,SRE-инженер,,Магнит,3.44,Средний (Middle),Москва,Можно удаленно
216,8 июля,Robotics Software Engineer,,Сбер,3.74,Старший (Senior),Москва,Полный рабочий день
217,8 июля,Python Developer (Центр Искусственного интеллекта),,Сбер,3.74,Старший (Senior),Москва,Полный рабочий день
218,8 июля,Дежурный администратор (Дубна),,АО «ГНИВЦ»,4.63,Средний (Middle),Дубна,Полный рабочий день
219,8 июля,Продуктовый аналитик в команду Личного кабинета,,2GIS,4.67,SQL,Москва,Можно удаленно
220,8 июля,"Developer C++ (CoreTech, Monorepo)",,Лаборатория Касперского,4.2,Разработка программного обеспечения,,Можно удаленно
221,8 июля,Developer C++ (SDL),,Лаборатория Касперского,4.2,Разработка программного обеспечения,,Можно удаленно
222,8 июля," Fullstack разработчик JavaScript, php",от 100 000 до 150 000 ₽,Дорстрой-36,,Средний (Middle),Воронеж,Полный рабочий день
223,8 июля,Аналитик данных,,AstraZeneca,,SQL,Москва,Москва
224,8 июля,Разработчик в группу мобильных интерфейсов автономного транспорта ,,Яндекс,3.6,Старший (Senior),Москва,Полный рабочий день
225,8 июля,Сетевой инженер,,Резонит,,Средний (Middle),Москва,Полный рабочий день
226,8 июля,Техлид в Yandex Network Blockstore (C++),,Яндекс,3.6,Ведущий (Lead),Москва,Можно удаленно
227,8 июля,Эксперт по Информационной Безопасности,,Лаборатория Касперского,4.2,Информационная безопасность,Москва,Москва
228,8 июля,Инженер данных DWH в Вертикали,,Яндекс,3.6,SQL,Москва,Санкт-Петербург
229,8 июля,CIO в торгово-производственный холдинг (СПб),,EvoHiring,,Управление людьми,Санкт-Петербург,Полный рабочий день
230,8 июля,"Middle/Senior Business Analyst [МедиаСкаут, МТС Веб Сервисы]",,МТС,4.76,Средний (Middle),Москва,Можно удаленно
231,8 июля,Data Engineer,,Bell Integrator,4.56,Старший (Senior),Москва,Полный рабочий день
232,8 июля,.Net Developer,,Bell Integrator,4.56,Средний (Middle),Москва,Можно удаленно
233,8 июля,Маркетинговый аналитик ,от 60 000 ₽,МТС,4.76,Средний (Middle),Грозный,Грозный
234,8 июля,Инженер систем мониторинга,,Цифровой аудит,,Старший (Senior),Москва,Полный рабочий день
235,8 июля,ML Engineer (TTS Text-to-speech),,Сбер,3.74,Старший (Senior),Москва,Полный рабочий день
236,8 июля,Менеджер по внутренним коммуникациям (IT),,ЛАНИТ,4.67,Средний (Middle),Москва,Полный рабочий день
237,8 июля, Разработчик Node.js (офис),,Совкомбанк Технологии,4.76,Старший (Senior),Санкт-Петербург,Полный рабочий день
238,8 июля,DevOps Engineer,,Сбер,3.74,Старший (Senior),Москва,Полный рабочий день
239,8 июля,Системный архитектор,,БФТ - Холдинг,4.45,Ведущий (Lead),,Можно удаленно
240,8 июля,SRE-инженер,,Магнит,3.44,Средний (Middle),Москва,Можно удаленно
241,8 июля,Robotics Software Engineer,,Сбер,3.74,Старший (Senior),Москва,Полный рабочий день
242,8 июля,Python Developer (Центр Искусственного интеллекта),,Сбер,3.74,Старший (Senior),Москва,Полный рабочий день
243,8 июля,Дежурный администратор (Дубна),,АО «ГНИВЦ»,4.63,Средний (Middle),Дубна,Полный рабочий день
244,8 июля,Продуктовый аналитик в команду Личного кабинета,,2GIS,4.67,SQL,Москва,Можно удаленно
245,8 июля,"Developer C++ (CoreTech, Monorepo)",,Лаборатория Касперского,4.2,Разработка программного обеспечения,,Можно удаленно
246,8 июля,Developer C++ (SDL),,Лаборатория Касперского,4.2,Разработка программного обеспечения,,Можно удаленно
247,8 июля," Fullstack разработчик JavaScript, php",от 100 000 до 150 000 ₽,Дорстрой-36,,Средний (Middle),Воронеж,Полный рабочий день
248,8 июля,Аналитик данных,,AstraZeneca,,SQL,Москва,Москва
249,8 июля,Разработчик в группу мобильных интерфейсов автономного транспорта ,,Яндекс,3.6,Старший (Senior),Москва,Полный рабочий день
250,8 июля,Сетевой инженер,,Резонит,,Средний (Middle),Москва,Полный рабочий день
251,8 июля,Техлид в Yandex Network Blockstore (C++),,Яндекс,3.6,Ведущий (Lead),Москва,Можно удаленно
252,8 июля,Эксперт по Информационной Безопасности,,Лаборатория Касперского,4.2,Информационная безопасность,Москва,Москва
253,8 июля,Инженер данных DWH в Вертикали,,Яндекс,3.6,SQL,Москва,Санкт-Петербург
254,8 июля,CIO в торгово-производственный холдинг (СПб),,EvoHiring,,Управление людьми,Санкт-Петербург,Полный рабочий день
255,8 июля,"Middle/Senior Business Analyst [МедиаСкаут, МТС Веб Сервисы]",,МТС,4.76,Средний (Middle),Москва,Можно удаленно
256,8 июля,Data Engineer,,Bell Integrator,4.56,Старший (Senior),Москва,Полный рабочий день
257,8 июля,.Net Developer,,Bell Integrator,4.56,Средний (Middle),Москва,Можно удаленно
258,8 июля,Маркетинговый аналитик ,от 60 000 ₽,МТС,4.76,Средний (Middle),Грозный,Грозный
259,8 июля,Инженер систем мониторинга,,Цифровой аудит,,Старший (Senior),Москва,Полный рабочий день
260,8 июля,ML Engineer (TTS Text-to-speech),,Сбер,3.74,Старший (Senior),Москва,Полный рабочий день
261,8 июля,Менеджер по внутренним коммуникациям (IT),,ЛАНИТ,4.67,Средний (Middle),Москва,Полный рабочий день
262,8 июля, Разработчик Node.js (офис),,Совкомбанк Технологии,4.76,Старший (Senior),Санкт-Петербург,Полный рабочий день
263,8 июля,DevOps Engineer,,Сбер,3.74,Старший (Senior),Москва,Полный рабочий день
264,8 июля,Системный архитектор,,БФТ - Холдинг,4.45,Ведущий (Lead),,Можно удаленно
265,8 июля,SRE-инженер,,Магнит,3.44,Средний (Middle),Москва,Можно удаленно
266,8 июля,Robotics Software Engineer,,Сбер,3.74,Старший (Senior),Москва,Полный рабочий день
267,8 июля,Python Developer (Центр Искусственного интеллекта),,Сбер,3.74,Старший (Senior),Москва,Полный рабочий день
268,8 июля,Дежурный администратор (Дубна),,АО «ГНИВЦ»,4.63,Средний (Middle),Дубна,Полный рабочий день
269,8 июля,Продуктовый аналитик в команду Личного кабинета,,2GIS,4.67,SQL,Москва,Можно удаленно
270,8 июля,"Developer C++ (CoreTech, Monorepo)",,Лаборатория Касперского,4.2,Разработка программного обеспечения,,Можно удаленно
271,8 июля,Developer C++ (SDL),,Лаборатория Касперского,4.2,Разработка программного обеспечения,,Можно удаленно
272,8 июля," Fullstack разработчик JavaScript, php",от 100 000 до 150 000 ₽,Дорстрой-36,,Средний (Middle),Воронеж,Полный рабочий день
273,8 июля,Аналитик данных,,AstraZeneca,,SQL,Москва,Москва
274,8 июля,Разработчик в группу мобильных интерфейсов автономного транспорта ,,Яндекс,3.6,Старший (Senior),Москва,Полный рабочий день
275,8 июля,Сетевой инженер,,Резонит,,Средний (Middle),Москва,Полный рабочий день
276,8 июля,Техлид в Yandex Network Blockstore (C++),,Яндекс,3.6,Ведущий (Lead),Москва,Можно удаленно
277,8 июля,Эксперт по Информационной Безопасности,,Лаборатория Касперского,4.2,Информационная безопасность,Москва,Москва
278,8 июля,Инженер данных DWH в Вертикали,,Яндекс,3.6,SQL,Москва,Санкт-Петербург
279,8 июля,CIO в торгово-производственный холдинг (СПб),,EvoHiring,,Управление людьми,Санкт-Петербург,Полный рабочий день
280,8 июля,"Middle/Senior Business Analyst [МедиаСкаут, МТС Веб Сервисы]",,МТС,4.76,Средний (Middle),Москва,Можно удаленно
281,8 июля,Data Engineer,,Bell Integrator,4.56,Старший (Senior),Москва,Полный рабочий день
282,8 июля,.Net Developer,,Bell Integrator,4.56,Средний (Middle),Москва,Можно удаленно
283,8 июля,Маркетинговый аналитик ,от 60 000 ₽,МТС,4.76,Средний (Middle),Грозный,Грозный
284,8 июля,Инженер систем мониторинга,,Цифровой аудит,,Старший (Senior),Москва,Полный рабочий день
285,8 июля,ML Engineer (TTS Text-to-speech),,Сбер,3.74,Старший (Senior),Москва,Полный рабочий день
286,8 июля,Менеджер по внутренним коммуникациям (IT),,ЛАНИТ,4.67,Средний (Middle),Москва,Полный рабочий день
287,8 июля, Разработчик Node.js (офис),,Совкомбанк Технологии,4.76,Старший (Senior),Санкт-Петербург,Полный рабочий день
288,8 июля,DevOps Engineer,,Сбер,3.74,Старший (Senior),Москва,Полный рабочий день
289,8 июля,Системный архитектор,,БФТ - Холдинг,4.45,Ведущий (Lead),,Можно удаленно
290,8 июля,SRE-инженер,,Магнит,3.44,Средний (Middle),Москва,Можно удаленно
291,8 июля,Robotics Software Engineer,,Сбер,3.74,Старший (Senior),Москва,Полный рабочий день
292,8 июля,Python Developer (Центр Искусственного интеллекта),,Сбер,3.74,Старший (Senior),Москва,Полный рабочий день
293,8 июля,Дежурный администратор (Дубна),,АО «ГНИВЦ»,4.63,Средний (Middle),Дубна,Полный рабочий день
294,8 июля,Продуктовый аналитик в команду Личного кабинета,,2GIS,4.67,SQL,Москва,Можно удаленно
295,8 июля,"Developer C++ (CoreTech, Monorepo)",,Лаборатория Касперского,4.2,Разработка программного обеспечения,,Можно удаленно
296,8 июля,Developer C++ (SDL),,Лаборатория Касперского,4.2,Разработка программного обеспечения,,Можно удаленно
297,8 июля," Fullstack разработчик JavaScript, php",от 100 000 до 150 000 ₽,Дорстрой-36,,Средний (Middle),Воронеж,Полный рабочий день
298,8 июля,Аналитик данных,,AstraZeneca,,SQL,Москва,Москва
299,8 июля,Разработчик в группу мобильных интерфейсов автономного транспорта ,,Яндекс,3.6,Старший (Senior),Москва,Полный рабочий день
300,8 июля,Сетевой инженер,,Резонит,,Средний (Middle),Москва,Полный рабочий день
301,8 июля,Техлид в Yandex Network Blockstore (C++),,Яндекс,3.6,Ведущий (Lead),Москва,Можно удаленно
302,8 июля,Эксперт по Информационной Безопасности,,Лаборатория Касперского,4.2,Информационная безопасность,Москва,Москва
303,8 июля,Инженер данных DWH в Вертикали,,Яндекс,3.6,SQL,Москва,Санкт-Петербург
304,8 июля,CIO в торгово-производственный холдинг (СПб),,EvoHiring,,Управление людьми,Санкт-Петербург,Полный рабочий день
305,8 июля,"Middle/Senior Business Analyst [МедиаСкаут, МТС Веб Сервисы]",,МТС,4.76,Средний (Middle),Москва,Можно удаленно
306,8 июля,Data Engineer,,Bell Integrator,4.56,Старший (Senior),Москва,Полный рабочий день
307,8 июля,.Net Developer,,Bell Integrator,4.56,Средний (Middle),Москва,Можно удаленно
308,8 июля,Маркетинговый аналитик ,от 60 000 ₽,МТС,4.76,Средний (Middle),Грозный,Грозный
309,8 июля,Инженер систем мониторинга,,Цифровой аудит,,Старший (Senior),Москва,Полный рабочий день
310,8 июля,ML Engineer (TTS Text-to-speech),,Сбер,3.74,Старший (Senior),Москва,Полный рабочий день
311,8 июля,Менеджер по внутренним коммуникациям (IT),,ЛАНИТ,4.67,Средний (Middle),Москва,Полный рабочий день
312,8 июля, Разработчик Node.js (офис),,Совкомбанк Технологии,4.76,Старший (Senior),Санкт-Петербург,Полный рабочий день
313,8 июля,DevOps Engineer,,Сбер,3.74,Старший (Senior),Москва,Полный рабочий день
314,8 июля,Системный архитектор,,БФТ - Холдинг,4.45,Ведущий (Lead),,Можно удаленно
315,8 июля,SRE-инженер,,Магнит,3.44,Средний (Middle),Москва,Можно удаленно
316,8 июля,Robotics Software Engineer,,Сбер,3.74,Старший (Senior),Москва,Полный рабочий день
317,8 июля,Python Developer (Центр Искусственного интеллекта),,Сбер,3.74,Старший (Senior),Москва,Полный рабочий день
318,8 июля,Дежурный администратор (Дубна),,АО «ГНИВЦ»,4.63,Средний (Middle),Дубна,Полный рабочий день
319,8 июля,Продуктовый аналитик в команду Личного кабинета,,2GIS,4.67,SQL,Москва,Можно удаленно
320,8 июля,"Developer C++ (CoreTech, Monorepo)",,Лаборатория Касперского,4.2,Разработка программного обеспечения,,Можно удаленно
321,8 июля,Developer C++ (SDL),,Лаборатория Касперского,4.2,Разработка программного обеспечения,,Можно удаленно
322,8 июля," Fullstack разработчик JavaScript, php",от 100 000 до 150 000 ₽,Дорстрой-36,,Средний (Middle),Воронеж,Полный рабочий день
323,8 июля,Аналитик данных,,AstraZeneca,,SQL,Москва,Москва
324,8 июля,Разработчик в группу мобильных интерфейсов автономного транспорта ,,Яндекс,3.6,Старший (Senior),Москва,Полный рабочий день
325,8 июля,Сетевой инженер,,Резонит,,Средний (Middle),Москва,Полный рабочий день
326,8 июля,Техлид в Yandex Network Blockstore (C++),,Яндекс,3.6,Ведущий (Lead),Москва,Можно удаленно
327,8 июля,Эксперт по Информационной Безопасности,,Лаборатория Касперского,4.2,Информационная безопасность,Москва,Москва
328,8 июля,Инженер данных DWH в Вертикали,,Яндекс,3.6,SQL,Москва,Санкт-Петербург
329,8 июля,CIO в торгово-производственный холдинг (СПб),,EvoHiring,,Управление людьми,Санкт-Петербург,Полный рабочий день
330,8 июля,"Middle/Senior Business Analyst [МедиаСкаут, МТС Веб Сервисы]",,МТС,4.76,Средний (Middle),Москва,Можно удаленно
331,8 июля,Data Engineer,,Bell Integrator,4.56,Старший (Senior),Москва,Полный рабочий день
332,8 июля,.Net Developer,,Bell Integrator,4.56,Средний (Middle),Москва,Можно удаленно
333,8 июля,Маркетинговый аналитик ,от 60 000 ₽,МТС,4.76,Средний (Middle),Грозный,Грозный
334,8 июля,Инженер систем мониторинга,,Цифровой аудит,,Старший (Senior),Москва,Полный рабочий день
335,8 июля,ML Engineer (TTS Text-to-speech),,Сбер,3.74,Старший (Senior),Москва,Полный рабочий день
336,8 июля,Менеджер по внутренним коммуникациям (IT),,ЛАНИТ,4.67,Средний (Middle),Москва,Полный рабочий день
337,8 июля, Разработчик Node.js (офис),,Совкомбанк Технологии,4.76,Старший (Senior),Санкт-Петербург,Полный рабочий день
338,8 июля,DevOps Engineer,,Сбер,3.74,Старший (Senior),Москва,Полный рабочий день
339,8 июля,Системный архитектор,,БФТ - Холдинг,4.45,Ведущий (Lead),,Можно удаленно
340,8 июля,SRE-инженер,,Магнит,3.44,Средний (Middle),Москва,Можно удаленно
341,8 июля,Robotics Software Engineer,,Сбер,3.74,Старший (Senior),Москва,Полный рабочий день
342,8 июля,Python Developer (Центр Искусственного интеллекта),,Сбер,3.74,Старший (Senior),Москва,Полный рабочий день
343,8 июля,Дежурный администратор (Дубна),,АО «ГНИВЦ»,4.63,Средний (Middle),Дубна,Полный рабочий день
344,8 июля,Продуктовый аналитик в команду Личного кабинета,,2GIS,4.67,SQL,Москва,Можно удаленно
345,8 июля,"Developer C++ (CoreTech, Monorepo)",,Лаборатория Касперского,4.2,Разработка программного обеспечения,,Можно удаленно
346,8 июля,Developer C++ (SDL),,Лаборатория Касперского,4.2,Разработка программного обеспечения,,Можно удаленно
347,8 июля," Fullstack разработчик JavaScript, php",от 100 000 до 150 000 ₽,Дорстрой-36,,Средний (Middle),Воронеж,Полный рабочий день
348,8 июля,Аналитик данных,,AstraZeneca,,SQL,Москва,Москва
349,8 июля,Разработчик в группу мобильных интерфейсов автономного транспорта ,,Яндекс,3.6,Старший (Senior),Москва,Полный рабочий день
350,8 июля,Сетевой инженер,,Резонит,,Средний (Middle),Москва,Полный рабочий день
351,8 июля,Техлид в Yandex Network Blockstore (C++),,Яндекс,3.6,Ведущий (Lead),Москва,Можно удаленно
352,8 июля,Эксперт по Информационной Безопасности,,Лаборатория Касперского,4.2,Информационная безопасность,Москва,Москва
353,8 июля,Инженер данных DWH в Вертикали,,Яндекс,3.6,SQL,Москва,Санкт-Петербург
354,8 июля,CIO в торгово-производственный холдинг (СПб),,EvoHiring,,Управление людьми,Санкт-Петербург,Полный рабочий день
355,8 июля,"Middle/Senior Business Analyst [МедиаСкаут, МТС Веб Сервисы]",,МТС,4.76,Средний (Middle),Москва,Можно удаленно
356,8 июля,Data Engineer,,Bell Integrator,4.56,Старший (Senior),Москва,Полный рабочий день
357,8 июля,.Net Developer,,Bell Integrator,4.56,Средний (Middle),Москва,Можно удаленно
358,8 июля,Маркетинговый аналитик ,от 60 000 ₽,МТС,4.76,Средний (Middle),Грозный,Грозный
359,8 июля,Инженер систем мониторинга,,Цифровой аудит,,Старший (Senior),Москва,Полный рабочий день
360,8 июля,ML Engineer (TTS Text-to-speech),,Сбер,3.74,Старший (Senior),Москва,Полный рабочий день
361,8 июля,Менеджер по внутренним коммуникациям (IT),,ЛАНИТ,4.67,Средний (Middle),Москва,Полный рабочий день
362,8 июля, Разработчик Node.js (офис),,Совкомбанк Технологии,4.76,Старший (Senior),Санкт-Петербург,Полный рабочий день
363,8 июля,DevOps Engineer,,Сбер,3.74,Старший (Senior),Москва,Полный рабочий день
364,8 июля,Системный архитектор,,БФТ - Холдинг,4.45,Ведущий (Lead),,Можно удаленно
365,8 июля,SRE-инженер,,Магнит,3.44,Средний (Middle),Москва,Можно удаленно
366,8 июля,Robotics Software Engineer,,Сбер,3.74,Старший (Senior),Москва,Полный рабочий день
367,8 июля,Python Developer (Центр Искусственного интеллекта),,Сбер,3.74,Старший (Senior),Москва,Полный рабочий день
368,8 июля,Дежурный администратор (Дубна),,АО «ГНИВЦ»,4.63,Средний (Middle),Дубна,Полный рабочий день
369,8 июля,Продуктовый аналитик в команду Личного кабинета,,2GIS,4.67,SQL,Москва,Можно удаленно
370,8 июля,"Developer C++ (CoreTech, Monorepo)",,Лаборатория Касперского,4.2,Разработка программного обеспечения,,Можно удаленно
371,8 июля,Developer C++ (SDL),,Лаборатория Касперского,4.2,Разработка программного обеспечения,,Можно удаленно
372,8 июля," Fullstack разработчик JavaScript, php",от 100 000 до 150 000 ₽,Дорстрой-36,,Средний (Middle),Воронеж,Полный рабочий день
373,8 июля,Аналитик данных,,AstraZeneca,,SQL,Москва,Москва
374,8 июля,Разработчик в группу мобильных интерфейсов автономного транспорта ,,Яндекс,3.6,Старший (Senior),Москва,Полный рабочий день
375,8 июля,Сетевой инженер,,Резонит,,Средний (Middle),Москва,Полный рабочий день
376,8 июля,Техлид в Yandex Network Blockstore (C++),,Яндекс,3.6,Ведущий (Lead),Москва,Можно удаленно
377,8 июля,Эксперт по Информационной Безопасности,,Лаборатория Касперского,4.2,Информационная безопасность,Москва,Москва
378,8 июля,Инженер данных DWH в Вертикали,,Яндекс,3.6,SQL,Москва,Санкт-Петербург
379,8 июля,CIO в торгово-производственный холдинг (СПб),,EvoHiring,,Управление людьми,Санкт-Петербург,Полный рабочий день
380,8 июля,"Middle/Senior Business Analyst [МедиаСкаут, МТС Веб Сервисы]",,МТС,4.76,Средний (Middle),Москва,Можно удаленно
381,8 июля,Data Engineer,,Bell Integrator,4.56,Старший (Senior),Москва,Полный рабочий день
382,8 июля,.Net Developer,,Bell Integrator,4.56,Средний (Middle),Москва,Можно удаленно
383,8 июля,Маркетинговый аналитик ,от 60 000 ₽,МТС,4.76,Средний (Middle),Грозный,Грозный
384,8 июля,Инженер систем мониторинга,,Цифровой аудит,,Старший (Senior),Москва,Полный рабочий день
385,8 июля,ML Engineer (TTS Text-to-speech),,Сбер,3.74,Старший (Senior),Москва,Полный рабочий день
386,8 июля,Менеджер по внутренним коммуникациям (IT),,ЛАНИТ,4.67,Средний (Middle),Москва,Полный рабочий день
387,8 июля, Разработчик Node.js (офис),,Совкомбанк Технологии,4.76,Старший (Senior),Санкт-Петербург,Полный рабочий день
388,8 июля,DevOps Engineer,,Сбер,3.74,Старший (Senior),Москва,Полный рабочий день
389,8 июля,Системный архитектор,,БФТ - Холдинг,4.45,Ведущий (Lead),,Можно удаленно
390,8 июля,SRE-инженер,,Магнит,3.44,Средний (Middle),Москва,Можно удаленно
391,8 июля,Robotics Software Engineer,,Сбер,3.74,Старший (Senior),Москва,Полный рабочий день
392,8 июля,Python Developer (Центр Искусственного интеллекта),,Сбер,3.74,Старший (Senior),Москва,Полный рабочий день
393,8 июля,Дежурный администратор (Дубна),,АО «ГНИВЦ»,4.63,Средний (Middle),Дубна,Полный рабочий день
394,8 июля,Продуктовый аналитик в команду Личного кабинета,,2GIS,4.67,SQL,Москва,Можно удаленно
395,8 июля,"Developer C++ (CoreTech, Monorepo)",,Лаборатория Касперского,4.2,Разработка программного обеспечения,,Можно удаленно
396,8 июля,Developer C++ (SDL),,Лаборатория Касперского,4.2,Разработка программного обеспечения,,Можно удаленно
397,8 июля," Fullstack разработчик JavaScript, php",от 100 000 до 150 000 ₽,Дорстрой-36,,Средний (Middle),Воронеж,Полный рабочий день
398,8 июля,Аналитик данных,,AstraZeneca,,SQL,Москва,Москва
399,8 июля,Разработчик в группу мобильных интерфейсов автономного транспорта ,,Яндекс,3.6,Старший (Senior),Москва,Полный рабочий день
400,8 июля,Сетевой инженер,,Резонит,,Средний (Middle),Москва,Полный рабочий день
401,8 июля,Техлид в Yandex Network Blockstore (C++),,Яндекс,3.6,Ведущий (Lead),Москва,Можно удаленно
402,8 июля,Эксперт по Информационной Безопасности,,Лаборатория Касперского,4.2,Информационная безопасность,Москва,Москва
403,8 июля,Инженер данных DWH в Вертикали,,Яндекс,3.6,SQL,Москва,Санкт-Петербург
404,8 июля,CIO в торгово-производственный холдинг (СПб),,EvoHiring,,Управление людьми,Санкт-Петербург,Полный рабочий день
405,8 июля,"Middle/Senior Business Analyst [МедиаСкаут, МТС Веб Сервисы]",,МТС,4.76,Средний (Middle),Москва,Можно удаленно
406,8 июля,Data Engineer,,Bell Integrator,4.56,Старший (Senior),Москва,Полный рабочий день
407,8 июля,.Net Developer,,Bell Integrator,4.56,Средний (Middle),Москва,Можно удаленно
408,8 июля,Маркетинговый аналитик ,от 60 000 ₽,МТС,4.76,Средний (Middle),Грозный,Грозный
409,8 июля,Инженер систем мониторинга,,Цифровой аудит,,Старший (Senior),Москва,Полный рабочий день
410,8 июля,ML Engineer (TTS Text-to-speech),,Сбер,3.74,Старший (Senior),Москва,Полный рабочий день
411,8 июля,Менеджер по внутренним коммуникациям (IT),,ЛАНИТ,4.67,Средний (Middle),Москва,Полный рабочий день
412,8 июля, Разработчик Node.js (офис),,Совкомбанк Технологии,4.76,Старший (Senior),Санкт-Петербург,Полный рабочий день
413,8 июля,DevOps Engineer,,Сбер,3.74,Старший (Senior),Москва,Полный рабочий день
414,8 июля,Системный архитектор,,БФТ - Холдинг,4.45,Ведущий (Lead),,Можно удаленно
415,8 июля,SRE-инженер,,Магнит,3.44,Средний (Middle),Москва,Можно удаленно
416,8 июля,Robotics Software Engineer,,Сбер,3.74,Старший (Senior),Москва,Полный рабочий день
417,8 июля,Python Developer (Центр Искусственного интеллекта),,Сбер,3.74,Старший (Senior),Москва,Полный рабочий день
418,8 июля,Дежурный администратор (Дубна),,АО «ГНИВЦ»,4.63,Средний (Middle),Дубна,Полный рабочий день
419,8 июля,Продуктовый аналитик в команду Личного кабинета,,2GIS,4.67,SQL,Москва,Можно удаленно
420,8 июля,"Developer C++ (CoreTech, Monorepo)",,Лаборатория Касперского,4.2,Разработка программного обеспечения,,Можно удаленно
421,8 июля,Developer C++ (SDL),,Лаборатория Касперского,4.2,Разработка программного обеспечения,,Можно удаленно
422,8 июля," Fullstack разработчик JavaScript, php",от 100 000 до 150 000 ₽,Дорстрой-36,,Средний (Middle),Воронеж,Полный рабочий день
423,8 июля,Аналитик данных,,AstraZeneca,,SQL,Москва,Москва
424,8 июля,Разработчик в группу мобильных интерфейсов автономного транспорта ,,Яндекс,3.6,Старший (Senior),Москва,Полный рабочий день
425,8 июля,Сетевой инженер,,Резонит,,Средний (Middle),Москва,Полный рабочий день
426,8 июля,Техлид в Yandex Network Blockstore (C++),,Яндекс,3.6,Ведущий (Lead),Москва,Можно удаленно
427,8 июля,Эксперт по Информационной Безопасности,,Лаборатория Касперского,4.2,Информационная безопасность,Москва,Москва
428,8 июля,Инженер данных DWH в Вертикали,,Яндекс,3.6,SQL,Москва,Санкт-Петербург
429,8 июля,CIO в торгово-производственный холдинг (СПб),,EvoHiring,,Управление людьми,Санкт-Петербург,Полный рабочий день
430,8 июля,"Middle/Senior Business Analyst [МедиаСкаут, МТС Веб Сервисы]",,МТС,4.76,Средний (Middle),Москва,Можно удаленно
431,8 июля,Data Engineer,,Bell Integrator,4.56,Старший (Senior),Москва,Полный рабочий день
432,8 июля,.Net Developer,,Bell Integrator,4.56,Средний (Middle),Москва,Можно удаленно
433,8 июля,Маркетинговый аналитик ,от 60 000 ₽,МТС,4.76,Средний (Middle),Грозный,Грозный
434,8 июля,Инженер систем мониторинга,,Цифровой аудит,,Старший (Senior),Москва,Полный рабочий день
435,8 июля,ML Engineer (TTS Text-to-speech),,Сбер,3.74,Старший (Senior),Москва,Полный рабочий день
436,8 июля,Менеджер по внутренним коммуникациям (IT),,ЛАНИТ,4.67,Средний (Middle),Москва,Полный рабочий день
437,8 июля, Разработчик Node.js (офис),,Совкомбанк Технологии,4.76,Старший (Senior),Санкт-Петербург,Полный рабочий день
438,8 июля,DevOps Engineer,,Сбер,3.74,Старший (Senior),Москва,Полный рабочий день
439,8 июля,Системный архитектор,,БФТ - Холдинг,4.45,Ведущий (Lead),,Можно удаленно
440,8 июля,SRE-инженер,,Магнит,3.44,Средний (Middle),Москва,Можно удаленно
441,8 июля,Robotics Software Engineer,,Сбер,3.74,Старший (Senior),Москва,Полный рабочий день
442,8 июля,Python Developer (Центр Искусственного интеллекта),,Сбер,3.74,Старший (Senior),Москва,Полный рабочий день
443,8 июля,Дежурный администратор (Дубна),,АО «ГНИВЦ»,4.63,Средний (Middle),Дубна,Полный рабочий день
444,8 июля,Продуктовый аналитик в команду Личного кабинета,,2GIS,4.67,SQL,Москва,Можно удаленно
445,8 июля,"Developer C++ (CoreTech, Monorepo)",,Лаборатория Касперского,4.2,Разработка программного обеспечения,,Можно удаленно
446,8 июля,Developer C++ (SDL),,Лаборатория Касперского,4.2,Разработка программного обеспечения,,Можно удаленно
447,8 июля," Fullstack разработчик JavaScript, php",от 100 000 до 150 000 ₽,Дорстрой-36,,Средний (Middle),Воронеж,Полный рабочий день
448,8 июля,Аналитик данных,,AstraZeneca,,SQL,Москва,Москва
449,8 июля,Разработчик в группу мобильных интерфейсов автономного транспорта ,,Яндекс,3.6,Старший (Senior),Москва,Полный рабочий день
450,8 июля,Сетевой инженер,,Резонит,,Средний (Middle),Москва,Полный рабочий день
451,8 июля,Техлид в Yandex Network Blockstore (C++),,Яндекс,3.6,Ведущий (Lead),Москва,Можно удаленно
452,8 июля,Эксперт по Информационной Безопасности,,Лаборатория Касперского,4.2,Информационная безопасность,Москва,Москва
453,8 июля,Инженер данных DWH в Вертикали,,Яндекс,3.6,SQL,Москва,Санкт-Петербург
454,8 июля,CIO в торгово-производственный холдинг (СПб),,EvoHiring,,Управление людьми,Санкт-Петербург,Полный рабочий день
455,8 июля,"Middle/Senior Business Analyst [МедиаСкаут, МТС Веб Сервисы]",,МТС,4.76,Средний (Middle),Москва,Можно удаленно
456,8 июля,Data Engineer,,Bell Integrator,4.56,Старший (Senior),Москва,Полный рабочий день
457,8 июля,.Net Developer,,Bell Integrator,4.56,Средний (Middle),Москва,Можно удаленно
458,8 июля,Маркетинговый аналитик ,от 60 000 ₽,МТС,4.76,Средний (Middle),Грозный,Грозный
459,8 июля,Инженер систем мониторинга,,Цифровой аудит,,Старший (Senior),Москва,Полный рабочий день
460,8 июля,ML Engineer (TTS Text-to-speech),,Сбер,3.74,Старший (Senior),Москва,Полный рабочий день
461,8 июля,Менеджер по внутренним коммуникациям (IT),,ЛАНИТ,4.67,Средний (Middle),Москва,Полный рабочий день
462,8 июля, Разработчик Node.js (офис),,Совкомбанк Технологии,4.76,Старший (Senior),Санкт-Петербург,Полный рабочий день
463,8 июля,DevOps Engineer,,Сбер,3.74,Старший (Senior),Москва,Полный рабочий день
464,8 июля,Системный архитектор,,БФТ - Холдинг,4.45,Ведущий (Lead),,Можно удаленно
465,8 июля,SRE-инженер,,Магнит,3.44,Средний (Middle),Москва,Можно удаленно
466,8 июля,Robotics Software Engineer,,Сбер,3.74,Старший (Senior),Москва,Полный рабочий день
467,8 июля,Python Developer (Центр Искусственного интеллекта),,Сбер,3.74,Старший (Senior),Москва,Полный рабочий день
468,8 июля,Дежурный администратор (Дубна),,АО «ГНИВЦ»,4.63,Средний (Middle),Дубна,Полный рабочий день
469,8 июля,Продуктовый аналитик в команду Личного кабинета,,2GIS,4.67,SQL,Москва,Можно удаленно
470,8 июля,"Developer C++ (CoreTech, Monorepo)",,Лаборатория Касперского,4.2,Разработка программного обеспечения,,Можно удаленно
471,8 июля,Developer C++ (SDL),,Лаборатория Касперского,4.2,Разработка программного обеспечения,,Можно удаленно
472,8 июля," Fullstack разработчик JavaScript, php",от 100 000 до 150 000 ₽,Дорстрой-36,,Средний (Middle),Воронеж,Полный рабочий день
473,8 июля,Аналитик данных,,AstraZeneca,,SQL,Москва,Москва
474,8 июля,Разработчик в группу мобильных интерфейсов автономного транспорта ,,Яндекс,3.6,Старший (Senior),Москва,Полный рабочий день
475,8 июля,Сетевой инженер,,Резонит,,Средний (Middle),Москва,Полный рабочий день
476,8 июля,Техлид в Yandex Network Blockstore (C++),,Яндекс,3.6,Ведущий (Lead),Москва,Можно удаленно
477,8 июля,Эксперт по Информационной Безопасности,,Лаборатория Касперского,4.2,Информационная безопасность,Москва,Москва
478,8 июля,Инженер данных DWH в Вертикали,,Яндекс,3.6,SQL,Москва,Санкт-Петербург
479,8 июля,CIO в торгово-производственный холдинг (СПб),,EvoHiring,,Управление людьми,Санкт-Петербург,Полный рабочий день
480,8 июля,"Middle/Senior Business Analyst [МедиаСкаут, МТС Веб Сервисы]",,МТС,4.76,Средний (Middle),Москва,Можно удаленно
481,8 июля,Data Engineer,,Bell Integrator,4.56,Старший (Senior),Москва,Полный рабочий день
482,8 июля,.Net Developer,,Bell Integrator,4.56,Средний (Middle),Москва,Можно удаленно
483,8 июля,Маркетинговый аналитик ,от 60 000 ₽,МТС,4.76,Средний (Middle),Грозный,Грозный
484,8 июля,Инженер систем мониторинга,,Цифровой аудит,,Старший (Senior),Москва,Полный рабочий день
485,8 июля,ML Engineer (TTS Text-to-speech),,Сбер,3.74,Старший (Senior),Москва,Полный рабочий день
486,8 июля,Менеджер по внутренним коммуникациям (IT),,ЛАНИТ,4.67,Средний (Middle),Москва,Полный рабочий день
487,8 июля, Разработчик Node.js (офис),,Совкомбанк Технологии,4.76,Старший (Senior),Санкт-Петербург,Полный рабочий день
488,8 июля,DevOps Engineer,,Сбер,3.74,Старший (Senior),Москва,Полный рабочий день
489,8 июля,Системный архитектор,,БФТ - Холдинг,4.45,Ведущий (Lead),,Можно удаленно
490,8 июля,SRE-инженер,,Магнит,3.44,Средний (Middle),Москва,Можно удаленно
491,8 июля,Robotics Software Engineer,,Сбер,3.74,Старший (Senior),Москва,Полный рабочий день
492,8 июля,Python Developer (Центр Искусственного интеллекта),,Сбер,3.74,Старший (Senior),Москва,Полный рабочий день
493,8 июля,Дежурный администратор (Дубна),,АО «ГНИВЦ»,4.63,Средний (Middle),Дубна,Полный рабочий день
494,8 июля,Продуктовый аналитик в команду Личного кабинета,,2GIS,4.67,SQL,Москва,Можно удаленно
495,8 июля,"Developer C++ (CoreTech, Monorepo)",,Лаборатория Касперского,4.2,Разработка программного обеспечения,,Можно удаленно
496,8 июля,Developer C++ (SDL),,Лаборатория Касперского,4.2,Разработка программного обеспечения,,Можно удаленно
497,8 июля," Fullstack разработчик JavaScript, php",от 100 000 до 150 000 ₽,Дорстрой-36,,Средний (Middle),Воронеж,Полный рабочий день
498,8 июля,Аналитик данных,,AstraZeneca,,SQL,Москва,Москва
499,8 июля,Разработчик в группу мобильных интерфейсов автономного транспорта ,,Яндекс,3.6,Старший (Senior),Москва,Полный рабочий день
500,8 июля,Сетевой инженер,,Резонит,,Средний (Middle),Москва,Полный рабочий день
501,8 июля,Техлид в Yandex Network Blockstore (C++),,Яндекс,3.6,Ведущий (Lead),Москва,Можно удаленно
502,8 июля,Эксперт по Информационной Безопасности,,Лаборатория Касперского,4.2,Информационная безопасность,Москва,Москва
503,8 июля,Инженер данных DWH в Вертикали,,Яндекс,3.6,SQL,Москва,Санкт-Петербург
504,8 июля,CIO в торгово-производственный холдинг (СПб),,EvoHiring,,Управление людьми,Санкт-Петербург,Полный рабочий день
505,8 июля,"Middle/Senior Business Analyst [МедиаСкаут, МТС Веб Сервисы]",,МТС,4.76,Средний (Middle),Москва,Можно удаленно
506,8 июля,Data Engineer,,Bell Integrator,4.56,Старший (Senior),Москва,Полный рабочий день
507,8 июля,.Net Developer,,Bell Integrator,4.56,Средний (Middle),Москва,Можно удаленно
508,8 июля,Маркетинговый аналитик ,от 60 000 ₽,МТС,4.76,Средний (Middle),Грозный,Грозный
509,8 июля,Инженер систем мониторинга,,Цифровой аудит,,Старший (Senior),Москва,Полный рабочий день
510,8 июля,ML Engineer (TTS Text-to-speech),,Сбер,3.74,Старший (Senior),Москва,Полный рабочий день
511,8 июля,Менеджер по внутренним коммуникациям (IT),,ЛАНИТ,4.67,Средний (Middle),Москва,Полный рабочий день
512,8 июля, Разработчик Node.js (офис),,Совкомбанк Технологии,4.76,Старший (Senior),Санкт-Петербург,Полный рабочий день
513,8 июля,DevOps Engineer,,Сбер,3.74,Старший (Senior),Москва,Полный рабочий день
514,8 июля,Системный архитектор,,БФТ - Холдинг,4.45,Ведущий (Lead),,Можно удаленно
515,8 июля,SRE-инженер,,Магнит,3.44,Средний (Middle),Москва,Можно удаленно
516,8 июля,Robotics Software Engineer,,Сбер,3.74,Старший (Senior),Москва,Полный рабочий день
517,8 июля,Python Developer (Центр Искусственного интеллекта),,Сбер,3.74,Старший (Senior),Москва,Полный рабочий день
518,8 июля,Дежурный администратор (Дубна),,АО «ГНИВЦ»,4.63,Средний (Middle),Дубна,Полный рабочий день
519,8 июля,Продуктовый аналитик в команду Личного кабинета,,2GIS,4.67,SQL,Москва,Можно удаленно
520,8 июля,"Developer C++ (CoreTech, Monorepo)",,Лаборатория Касперского,4.2,Разработка программного обеспечения,,Можно удаленно
521,8 июля,Developer C++ (SDL),,Лаборатория Касперского,4.2,Разработка программного обеспечения,,Можно удаленно
522,8 июля," Fullstack разработчик JavaScript, php",от 100 000 до 150 000 ₽,Дорстрой-36,,Средний (Middle),Воронеж,Полный рабочий день
523,8 июля,Аналитик данных,,AstraZeneca,,SQL,Москва,Москва
524,8 июля,Разработчик в группу мобильных интерфейсов автономного транспорта ,,Яндекс,3.6,Старший (Senior),Москва,Полный рабочий день
525,8 июля,Сетевой инженер,,Резонит,,Средний (Middle),Москва,Полный рабочий день
526,8 июля,Техлид в Yandex Network Blockstore (C++),,Яндекс,3.6,Ведущий (Lead),Москва,Можно удаленно
527,8 июля,Эксперт по Информационной Безопасности,,Лаборатория Касперского,4.2,Информационная безопасность,Москва,Москва
528,8 июля,Инженер данных DWH в Вертикали,,Яндекс,3.6,SQL,Москва,Санкт-Петербург
529,8 июля,CIO в торгово-производственный холдинг (СПб),,EvoHiring,,Управление людьми,Санкт-Петербург,Полный рабочий день
530,8 июля,"Middle/Senior Business Analyst [МедиаСкаут, МТС Веб Сервисы]",,МТС,4.76,Средний (Middle),Москва,Можно удаленно
531,8 июля,Data Engineer,,Bell Integrator,4.56,Старший (Senior),Москва,Полный рабочий день
532,8 июля,.Net Developer,,Bell Integrator,4.56,Средний (Middle),Москва,Можно удаленно
533,8 июля,Маркетинговый аналитик ,от 60 000 ₽,МТС,4.76,Средний (Middle),Грозный,Грозный
534,8 июля,Инженер систем мониторинга,,Цифровой аудит,,Старший (Senior),Москва,Полный рабочий день
535,8 июля,ML Engineer (TTS Text-to-speech),,Сбер,3.74,Старший (Senior),Москва,Полный рабочий день
536,8 июля,Менеджер по внутренним коммуникациям (IT),,ЛАНИТ,4.67,Средний (Middle),Москва,Полный рабочий день
537,8 июля, Разработчик Node.js (офис),,Совкомбанк Технологии,4.76,Старший (Senior),Санкт-Петербург,Полный рабочий день
538,8 июля,DevOps Engineer,,Сбер,3.74,Старший (Senior),Москва,Полный рабочий день
539,8 июля,Системный архитектор,,БФТ - Холдинг,4.45,Ведущий (Lead),,Можно удаленно
540,8 июля,SRE-инженер,,Магнит,3.44,Средний (Middle),Москва,Можно удаленно
541,8 июля,Robotics Software Engineer,,Сбер,3.74,Старший (Senior),Москва,Полный рабочий день
542,8 июля,Python Developer (Центр Искусственного интеллекта),,Сбер,3.74,Старший (Senior),Москва,Полный рабочий день
543,8 июля,Дежурный администратор (Дубна),,АО «ГНИВЦ»,4.63,Средний (Middle),Дубна,Полный рабочий день
544,8 июля,Продуктовый аналитик в команду Личного кабинета,,2GIS,4.67,SQL,Москва,Можно удаленно
545,8 июля,"Developer C++ (CoreTech, Monorepo)",,Лаборатория Касперского,4.2,Разработка программного обеспечения,,Можно удаленно
546,8 июля,Developer C++ (SDL),,Лаборатория Касперского,4.2,Разработка программного обеспечения,,Можно удаленно
547,8 июля," Fullstack разработчик JavaScript, php",от 100 000 до 150 000 ₽,Дорстрой-36,,Средний (Middle),Воронеж,Полный рабочий день
548,8 июля,Аналитик данных,,AstraZeneca,,SQL,Москва,Москва
549,8 июля,Разработчик в группу мобильных интерфейсов автономного транспорта ,,Яндекс,3.6,Старший (Senior),Москва,Полный рабочий день
550,8 июля,Сетевой инженер,,Резонит,,Средний (Middle),Москва,Полный рабочий день
551,8 июля,Техлид в Yandex Network Blockstore (C++),,Яндекс,3.6,Ведущий (Lead),Москва,Можно удаленно
552,8 июля,Эксперт по Информационной Безопасности,,Лаборатория Касперского,4.2,Информационная безопасность,Москва,Москва
553,8 июля,Инженер данных DWH в Вертикали,,Яндекс,3.6,SQL,Москва,Санкт-Петербург
554,8 июля,CIO в торгово-производственный холдинг (СПб),,EvoHiring,,Управление людьми,Санкт-Петербург,Полный рабочий день
555,8 июля,"Middle/Senior Business Analyst [МедиаСкаут, МТС Веб Сервисы]",,МТС,4.76,Средний (Middle),Москва,Можно удаленно
556,8 июля,Data Engineer,,Bell Integrator,4.56,Старший (Senior),Москва,Полный рабочий день
557,8 июля,.Net Developer,,Bell Integrator,4.56,Средний (Middle),Москва,Можно удаленно
558,8 июля,Маркетинговый аналитик ,от 60 000 ₽,МТС,4.76,Средний (Middle),Грозный,Грозный
559,8 июля,Инженер систем мониторинга,,Цифровой аудит,,Старший (Senior),Москва,Полный рабочий день
560,8 июля,ML Engineer (TTS Text-to-speech),,Сбер,3.74,Старший (Senior),Москва,Полный рабочий день
561,8 июля,Менеджер по внутренним коммуникациям (IT),,ЛАНИТ,4.67,Средний (Middle),Москва,Полный рабочий день
562,8 июля, Разработчик Node.js (офис),,Совкомбанк Технологии,4.76,Старший (Senior),Санкт-Петербург,Полный рабочий день
563,8 июля,DevOps Engineer,,Сбер,3.74,Старший (Senior),Москва,Полный рабочий день
564,8 июля,Системный архитектор,,БФТ - Холдинг,4.45,Ведущий (Lead),,Можно удаленно
565,8 июля,SRE-инженер,,Магнит,3.44,Средний (Middle),Москва,Можно удаленно
566,8 июля,Robotics Software Engineer,,Сбер,3.74,Старший (Senior),Москва,Полный рабочий день
567,8 июля,Python Developer (Центр Искусственного интеллекта),,Сбер,3.74,Старший (Senior),Москва,Полный рабочий день
568,8 июля,Дежурный администратор (Дубна),,АО «ГНИВЦ»,4.63,Средний (Middle),Дубна,Полный рабочий день
569,8 июля,Продуктовый аналитик в команду Личного кабинета,,2GIS,4.67,SQL,Москва,Можно удаленно
570,8 июля,"Developer C++ (CoreTech, Monorepo)",,Лаборатория Касперского,4.2,Разработка программного обеспечения,,Можно удаленно
571,8 июля,Developer C++ (SDL),,Лаборатория Касперского,4.2,Разработка программного обеспечения,,Можно удаленно
572,8 июля," Fullstack разработчик JavaScript, php",от 100 000 до 150 000 ₽,Дорстрой-36,,Средний (Middle),Воронеж,Полный рабочий день
573,8 июля,Аналитик данных,,AstraZeneca,,SQL,Москва,Москва
574,8 июля,Разработчик в группу мобильных интерфейсов автономного транспорта ,,Яндекс,3.6,Старший (Senior),Москва,Полный рабочий день
575,8 июля,Сетевой инженер,,Резонит,,Средний (Middle),Москва,Полный рабочий день
576,8 июля,Техлид в Yandex Network Blockstore (C++),,Яндекс,3.6,Ведущий (Lead),Москва,Можно удаленно
577,8 июля,Эксперт по Информационной Безопасности,,Лаборатория Касперского,4.2,Информационная безопасность,Москва,Москва
578,8 июля,Инженер данных DWH в Вертикали,,Яндекс,3.6,SQL,Москва,Санкт-Петербург
579,8 июля,CIO в торгово-производственный холдинг (СПб),,EvoHiring,,Управление людьми,Санкт-Петербург,Полный рабочий день
580,8 июля,"Middle/Senior Business Analyst [МедиаСкаут, МТС Веб Сервисы]",,МТС,4.76,Средний (Middle),Москва,Можно удаленно
581,8 июля,Data Engineer,,Bell Integrator,4.56,Старший (Senior),Москва,Полный рабочий день
582,8 июля,.Net Developer,,Bell Integrator,4.56,Средний (Middle),Москва,Можно удаленно
583,8 июля,Маркетинговый аналитик ,от 60 000 ₽,МТС,4.76,Средний (Middle),Грозный,Грозный
584,8 июля,Инженер систем мониторинга,,Цифровой аудит,,Старший (Senior),Москва,Полный рабочий день
585,8 июля,ML Engineer (TTS Text-to-speech),,Сбер,3.74,Старший (Senior),Москва,Полный рабочий день
586,8 июля,Менеджер по внутренним коммуникациям (IT),,ЛАНИТ,4.67,Средний (Middle),Москва,Полный рабочий день
587,8 июля, Разработчик Node.js (офис),,Совкомбанк Технологии,4.76,Старший (Senior),Санкт-Петербург,Полный рабочий день
588,8 июля,DevOps Engineer,,Сбер,3.74,Старший (Senior),Москва,Полный рабочий день
589,8 июля,Системный архитектор,,БФТ - Холдинг,4.45,Ведущий (Lead),,Можно удаленно
590,8 июля,SRE-инженер,,Магнит,3.44,Средний (Middle),Москва,Можно удаленно
591,8 июля,Robotics Software Engineer,,Сбер,3.74,Старший (Senior),Москва,Полный рабочий день
592,8 июля,Python Developer (Центр Искусственного интеллекта),,Сбер,3.74,Старший (Senior),Москва,Полный рабочий день
593,8 июля,Дежурный администратор (Дубна),,АО «ГНИВЦ»,4.63,Средний (Middle),Дубна,Полный рабочий день
594,8 июля,Продуктовый аналитик в команду Личного кабинета,,2GIS,4.67,SQL,Москва,Можно удаленно
595,8 июля,"Developer C++ (CoreTech, Monorepo)",,Лаборатория Касперского,4.2,Разработка программного обеспечения,,Можно удаленно
596,8 июля,Developer C++ (SDL),,Лаборатория Касперского,4.2,Разработка программного обеспечения,,Можно удаленно
597,8 июля," Fullstack разработчик JavaScript, php",от 100 000 до 150 000 ₽,Дорстрой-36,,Средний (Middle),Воронеж,Полный рабочий день
598,8 июля,Аналитик данных,,AstraZeneca,,SQL,Москва,Москва
599,8 июля,Разработчик в группу мобильных интерфейсов автономного транспорта ,,Яндекс,3.6,Старший (Senior),Москва,Полный рабочий день
600,8 июля,Сетевой инженер,,Резонит,,Средний (Middle),Москва,Полный рабочий день
601,8 июля,Техлид в Yandex Network Blockstore (C++),,Яндекс,3.6,Ведущий (Lead),Москва,Можно удаленно
602,8 июля,Эксперт по Информационной Безопасности,,Лаборатория Касперского,4.2,Информационная безопасность,Москва,Москва
603,8 июля,Инженер данных DWH в Вертикали,,Яндекс,3.6,SQL,Москва,Санкт-Петербург
604,8 июля,CIO в торгово-производственный холдинг (СПб),,EvoHiring,,Управление людьми,Санкт-Петербург,Полный рабочий день
605,8 июля,"Middle/Senior Business Analyst [МедиаСкаут, МТС Веб Сервисы]",,МТС,4.76,Средний (Middle),Москва,Можно удаленно
606,8 июля,Data Engineer,,Bell Integrator,4.56,Старший (Senior),Москва,Полный рабочий день
607,8 июля,.Net Developer,,Bell Integrator,4.56,Средний (Middle),Москва,Можно удаленно
608,8 июля,Маркетинговый аналитик ,от 60 000 ₽,МТС,4.76,Средний (Middle),Грозный,Грозный
609,8 июля,Инженер систем мониторинга,,Цифровой аудит,,Старший (Senior),Москва,Полный рабочий день
610,8 июля,ML Engineer (TTS Text-to-speech),,Сбер,3.74,Старший (Senior),Москва,Полный рабочий день
611,8 июля,Менеджер по внутренним коммуникациям (IT),,ЛАНИТ,4.67,Средний (Middle),Москва,Полный рабочий день
612,8 июля, Разработчик Node.js (офис),,Совкомбанк Технологии,4.76,Старший (Senior),Санкт-Петербург,Полный рабочий день
613,8 июля,DevOps Engineer,,Сбер,3.74,Старший (Senior),Москва,Полный рабочий день
614,8 июля,Системный архитектор,,БФТ - Холдинг,4.45,Ведущий (Lead),,Можно удаленно
615,8 июля,SRE-инженер,,Магнит,3.44,Средний (Middle),Москва,Можно удаленно
616,8 июля,Robotics Software Engineer,,Сбер,3.74,Старший (Senior),Москва,Полный рабочий день
617,8 июля,Python Developer (Центр Искусственного интеллекта),,Сбер,3.74,Старший (Senior),Москва,Полный рабочий день
618,8 июля,Дежурный администратор (Дубна),,АО «ГНИВЦ»,4.63,Средний (Middle),Дубна,Полный рабочий день
619,8 июля,Продуктовый аналитик в команду Личного кабинета,,2GIS,4.67,SQL,Москва,Можно удаленно
620,8 июля,"Developer C++ (CoreTech, Monorepo)",,Лаборатория Касперского,4.2,Разработка программного обеспечения,,Можно удаленно
621,8 июля,Developer C++ (SDL),,Лаборатория Касперского,4.2,Разработка программного обеспечения,,Можно удаленно
622,8 июля," Fullstack разработчик JavaScript, php",от 100 000 до 150 000 ₽,Дорстрой-36,,Средний (Middle),Воронеж,Полный рабочий день
623,8 июля,Аналитик данных,,AstraZeneca,,SQL,Москва,Москва
624,8 июля,Разработчик в группу мобильных интерфейсов автономного транспорта ,,Яндекс,3.6,Старший (Senior),Москва,Полный рабочий день
625,8 июля,Сетевой инженер,,Резонит,,Средний (Middle),Москва,Полный рабочий день
626,8 июля,Техлид в Yandex Network Blockstore (C++),,Яндекс,3.6,Ведущий (Lead),Москва,Можно удаленно
627,8 июля,Эксперт по Информационной Безопасности,,Лаборатория Касперского,4.2,Информационная безопасность,Москва,Москва
628,8 июля,Инженер данных DWH в Вертикали,,Яндекс,3.6,SQL,Москва,Санкт-Петербург
629,8 июля,CIO в торгово-производственный холдинг (СПб),,EvoHiring,,Управление людьми,Санкт-Петербург,Полный рабочий день
630,8 июля,"Middle/Senior Business Analyst [МедиаСкаут, МТС Веб Сервисы]",,МТС,4.76,Средний (Middle),Москва,Можно удаленно
631,8 июля,Data Engineer,,Bell Integrator,4.56,Старший (Senior),Москва,Полный рабочий день
632,8 июля,.Net Developer,,Bell Integrator,4.56,Средний (Middle),Москва,Можно удаленно
633,8 июля,Маркетинговый аналитик ,от 60 000 ₽,МТС,4.76,Средний (Middle),Грозный,Грозный
634,8 июля,Инженер систем мониторинга,,Цифровой аудит,,Старший (Senior),Москва,Полный рабочий день
635,8 июля,ML Engineer (TTS Text-to-speech),,Сбер,3.74,Старший (Senior),Москва,Полный рабочий день
636,8 июля,Менеджер по внутренним коммуникациям (IT),,ЛАНИТ,4.67,Средний (Middle),Москва,Полный рабочий день
637,8 июля, Разработчик Node.js (офис),,Совкомбанк Технологии,4.76,Старший (Senior),Санкт-Петербург,Полный рабочий день
638,8 июля,DevOps Engineer,,Сбер,3.74,Старший (Senior),Москва,Полный рабочий день
639,8 июля,Системный архитектор,,БФТ - Холдинг,4.45,Ведущий (Lead),,Можно удаленно
640,8 июля,SRE-инженер,,Магнит,3.44,Средний (Middle),Москва,Можно удаленно
641,8 июля,Robotics Software Engineer,,Сбер,3.74,Старший (Senior),Москва,Полный рабочий день
642,8 июля,Python Developer (Центр Искусственного интеллекта),,Сбер,3.74,Старший (Senior),Москва,Полный рабочий день
643,8 июля,Дежурный администратор (Дубна),,АО «ГНИВЦ»,4.63,Средний (Middle),Дубна,Полный рабочий день
644,8 июля,Продуктовый аналитик в команду Личного кабинета,,2GIS,4.67,SQL,Москва,Можно удаленно
645,8 июля,"Developer C++ (CoreTech, Monorepo)",,Лаборатория Касперского,4.2,Разработка программного обеспечения,,Можно удаленно
646,8 июля,Developer C++ (SDL),,Лаборатория Касперского,4.2,Разработка программного обеспечения,,Можно удаленно
647,8 июля," Fullstack разработчик JavaScript, php",от 100 000 до 150 000 ₽,Дорстрой-36,,Средний (Middle),Воронеж,Полный рабочий день
648,8 июля,Аналитик данных,,AstraZeneca,,SQL,Москва,Москва
649,8 июля,Разработчик в группу мобильных интерфейсов автономного транспорта ,,Яндекс,3.6,Старший (Senior),Москва,Полный рабочий день
650,8 июля,Сетевой инженер,,Резонит,,Средний (Middle),Москва,Полный рабочий день
651,8 июля,Техлид в Yandex Network Blockstore (C++),,Яндекс,3.6,Ведущий (Lead),Москва,Можно удаленно
652,8 июля,Эксперт по Информационной Безопасности,,Лаборатория Касперского,4.2,Информационная безопасность,Москва,Москва
653,8 июля,Инженер данных DWH в Вертикали,,Яндекс,3.6,SQL,Москва,Санкт-Петербург
654,8 июля,CIO в торгово-производственный холдинг (СПб),,EvoHiring,,Управление людьми,Санкт-Петербург,Полный рабочий день
655,8 июля,"Middle/Senior Business Analyst [МедиаСкаут, МТС Веб Сервисы]",,МТС,4.76,Средний (Middle),Москва,Можно удаленно
656,8 июля,Data Engineer,,Bell Integrator,4.56,Старший (Senior),Москва,Полный рабочий день
657,8 июля,.Net Developer,,Bell Integrator,4.56,Средний (Middle),Москва,Можно удаленно
658,8 июля,Маркетинговый аналитик ,от 60 000 ₽,МТС,4.76,Средний (Middle),Грозный,Грозный
659,8 июля,Инженер систем мониторинга,,Цифровой аудит,,Старший (Senior),Москва,Полный рабочий день
660,8 июля,ML Engineer (TTS Text-to-speech),,Сбер,3.74,Старший (Senior),Москва,Полный рабочий день
661,8 июля,Менеджер по внутренним коммуникациям (IT),,ЛАНИТ,4.67,Средний (Middle),Москва,Полный рабочий день
662,8 июля, Разработчик Node.js (офис),,Совкомбанк Технологии,4.76,Старший (Senior),Санкт-Петербург,Полный рабочий день
663,8 июля,DevOps Engineer,,Сбер,3.74,Старший (Senior),Москва,Полный рабочий день
664,8 июля,Системный архитектор,,БФТ - Холдинг,4.45,Ведущий (Lead),,Можно удаленно
665,8 июля,SRE-инженер,,Магнит,3.44,Средний (Middle),Москва,Можно удаленно
666,8 июля,Robotics Software Engineer,,Сбер,3.74,Старший (Senior),Москва,Полный рабочий день
667,8 июля,Python Developer (Центр Искусственного интеллекта),,Сбер,3.74,Старший (Senior),Москва,Полный рабочий день
668,8 июля,Дежурный администратор (Дубна),,АО «ГНИВЦ»,4.63,Средний (Middle),Дубна,Полный рабочий день
669,8 июля,Продуктовый аналитик в команду Личного кабинета,,2GIS,4.67,SQL,Москва,Можно удаленно
670,8 июля,"Developer C++ (CoreTech, Monorepo)",,Лаборатория Касперского,4.2,Разработка программного обеспечения,,Можно удаленно
671,8 июля,Developer C++ (SDL),,Лаборатория Касперского,4.2,Разработка программного обеспечения,,Можно удаленно
672,8 июля," Fullstack разработчик JavaScript, php",от 100 000 до 150 000 ₽,Дорстрой-36,,Средний (Middle),Воронеж,Полный рабочий день
673,8 июля,Аналитик данных,,AstraZeneca,,SQL,Москва,Москва
674,8 июля,Разработчик в группу мобильных интерфейсов автономного транспорта ,,Яндекс,3.6,Старший (Senior),Москва,Полный рабочий день
675,8 июля,Сетевой инженер,,Резонит,,Средний (Middle),Москва,Полный рабочий день
676,8 июля,Техлид в Yandex Network Blockstore (C++),,Яндекс,3.6,Ведущий (Lead),Москва,Можно удаленно
677,8 июля,Эксперт по Информационной Безопасности,,Лаборатория Касперского,4.2,Информационная безопасность,Москва,Москва
678,8 июля,Инженер данных DWH в Вертикали,,Яндекс,3.6,SQL,Москва,Санкт-Петербург
679,8 июля,CIO в торгово-производственный холдинг (СПб),,EvoHiring,,Управление людьми,Санкт-Петербург,Полный рабочий день
680,8 июля,"Middle/Senior Business Analyst [МедиаСкаут, МТС Веб Сервисы]",,МТС,4.76,Средний (Middle),Москва,Можно удаленно
681,8 июля,Data Engineer,,Bell Integrator,4.56,Старший (Senior),Москва,Полный рабочий день
682,8 июля,.Net Developer,,Bell Integrator,4.56,Средний (Middle),Москва,Можно удаленно
683,8 июля,Маркетинговый аналитик ,от 60 000 ₽,МТС,4.76,Средний (Middle),Грозный,Грозный
684,8 июля,Инженер систем мониторинга,,Цифровой аудит,,Старший (Senior),Москва,Полный рабочий день
685,8 июля,ML Engineer (TTS Text-to-speech),,Сбер,3.74,Старший (Senior),Москва,Полный рабочий день
686,8 июля,Менеджер по внутренним коммуникациям (IT),,ЛАНИТ,4.67,Средний (Middle),Москва,Полный рабочий день
687,8 июля, Разработчик Node.js (офис),,Совкомбанк Технологии,4.76,Старший (Senior),Санкт-Петербург,Полный рабочий день
688,8 июля,DevOps Engineer,,Сбер,3.74,Старший (Senior),Москва,Полный рабочий день
689,8 июля,Системный архитектор,,БФТ - Холдинг,4.45,Ведущий (Lead),,Можно удаленно
690,8 июля,SRE-инженер,,Магнит,3.44,Средний (Middle),Москва,Можно удаленно
691,8 июля,Robotics Software Engineer,,Сбер,3.74,Старший (Senior),Москва,Полный рабочий день
692,8 июля,Python Developer (Центр Искусственного интеллекта),,Сбер,3.74,Старший (Senior),Москва,Полный рабочий день
693,8 июля,Дежурный администратор (Дубна),,АО «ГНИВЦ»,4.63,Средний (Middle),Дубна,Полный рабочий день
694,8 июля,Продуктовый аналитик в команду Личного кабинета,,2GIS,4.67,SQL,Москва,Можно удаленно
695,8 июля,"Developer C++ (CoreTech, Monorepo)",,Лаборатория Касперского,4.2,Разработка программного обеспечения,,Можно удаленно
696,8 июля,Developer C++ (SDL),,Лаборатория Касперского,4.2,Разработка программного обеспечения,,Можно удаленно
697,8 июля," Fullstack разработчик JavaScript, php",от 100 000 до 150 000 ₽,Дорстрой-36,,Средний (Middle),Воронеж,Полный рабочий день
698,8 июля,Аналитик данных,,AstraZeneca,,SQL,Москва,Москва
699,8 июля,Разработчик в группу мобильных интерфейсов автономного транспорта ,,Яндекс,3.6,Старший (Senior),Москва,Полный рабочий день
700,8 июля,Сетевой инженер,,Резонит,,Средний (Middle),Москва,Полный рабочий день
701,8 июля,Техлид в Yandex Network Blockstore (C++),,Яндекс,3.6,Ведущий (Lead),Москва,Можно удаленно
702,8 июля,Эксперт по Информационной Безопасности,,Лаборатория Касперского,4.2,Информационная безопасность,Москва,Москва
703,8 июля,Инженер данных DWH в Вертикали,,Яндекс,3.6,SQL,Москва,Санкт-Петербург
704,8 июля,CIO в торгово-производственный холдинг (СПб),,EvoHiring,,Управление людьми,Санкт-Петербург,Полный рабочий день
705,8 июля,"Middle/Senior Business Analyst [МедиаСкаут, МТС Веб Сервисы]",,МТС,4.76,Средний (Middle),Москва,Можно удаленно
706,8 июля,Data Engineer,,Bell Integrator,4.56,Старший (Senior),Москва,Полный рабочий день
707,8 июля,.Net Developer,,Bell Integrator,4.56,Средний (Middle),Москва,Можно удаленно
708,8 июля,Маркетинговый аналитик ,от 60 000 ₽,МТС,4.76,Средний (Middle),Грозный,Грозный
709,8 июля,Инженер систем мониторинга,,Цифровой аудит,,Старший (Senior),Москва,Полный рабочий день
710,8 июля,ML Engineer (TTS Text-to-speech),,Сбер,3.74,Старший (Senior),Москва,Полный рабочий день
711,8 июля,Менеджер по внутренним коммуникациям (IT),,ЛАНИТ,4.67,Средний (Middle),Москва,Полный рабочий день
712,8 июля, Разработчик Node.js (офис),,Совкомбанк Технологии,4.76,Старший (Senior),Санкт-Петербург,Полный рабочий день
713,8 июля,DevOps Engineer,,Сбер,3.74,Старший (Senior),Москва,Полный рабочий день
714,8 июля,Системный архитектор,,БФТ - Холдинг,4.45,Ведущий (Lead),,Можно удаленно
715,8 июля,SRE-инженер,,Магнит,3.44,Средний (Middle),Москва,Можно удаленно
716,8 июля,Robotics Software Engineer,,Сбер,3.74,Старший (Senior),Москва,Полный рабочий день
717,8 июля,Python Developer (Центр Искусственного интеллекта),,Сбер,3.74,Старший (Senior),Москва,Полный рабочий день
718,8 июля,Дежурный администратор (Дубна),,АО «ГНИВЦ»,4.63,Средний (Middle),Дубна,Полный рабочий день
719,8 июля,Продуктовый аналитик в команду Личного кабинета,,2GIS,4.67,SQL,Москва,Можно удаленно
720,8 июля,"Developer C++ (CoreTech, Monorepo)",,Лаборатория Касперского,4.2,Разработка программного обеспечения,,Можно удаленно
721,8 июля,Developer C++ (SDL),,Лаборатория Касперского,4.2,Разработка программного обеспечения,,Можно удаленно
722,8 июля," Fullstack разработчик JavaScript, php",от 100 000 до 150 000 ₽,Дорстрой-36,,Средний (Middle),Воронеж,Полный рабочий день
723,8 июля,Аналитик данных,,AstraZeneca,,SQL,Москва,Москва
724,8 июля,Разработчик в группу мобильных интерфейсов автономного транспорта ,,Яндекс,3.6,Старший (Senior),Москва,Полный рабочий день
725,8 июля,Сетевой инженер,,Резонит,,Средний (Middle),Москва,Полный рабочий день
726,8 июля,Техлид в Yandex Network Blockstore (C++),,Яндекс,3.6,Ведущий (Lead),Москва,Можно удаленно
727,8 июля,Эксперт по Информационной Безопасности,,Лаборатория Касперского,4.2,Информационная безопасность,Москва,Москва
728,8 июля,Инженер данных DWH в Вертикали,,Яндекс,3.6,SQL,Москва,Санкт-Петербург
729,8 июля,CIO в торгово-производственный холдинг (СПб),,EvoHiring,,Управление людьми,Санкт-Петербург,Полный рабочий день
730,8 июля,"Middle/Senior Business Analyst [МедиаСкаут, МТС Веб Сервисы]",,МТС,4.76,Средний (Middle),Москва,Можно удаленно
731,8 июля,Data Engineer,,Bell Integrator,4.56,Старший (Senior),Москва,Полный рабочий день
732,8 июля,.Net Developer,,Bell Integrator,4.56,Средний (Middle),Москва,Можно удаленно
733,8 июля,Маркетинговый аналитик ,от 60 000 ₽,МТС,4.76,Средний (Middle),Грозный,Грозный
734,8 июля,Инженер систем мониторинга,,Цифровой аудит,,Старший (Senior),Москва,Полный рабочий день
735,8 июля,ML Engineer (TTS Text-to-speech),,Сбер,3.74,Старший (Senior),Москва,Полный рабочий день
736,8 июля,Менеджер по внутренним коммуникациям (IT),,ЛАНИТ,4.67,Средний (Middle),Москва,Полный рабочий день
737,8 июля, Разработчик Node.js (офис),,Совкомбанк Технологии,4.76,Старший (Senior),Санкт-Петербург,Полный рабочий день
738,8 июля,DevOps Engineer,,Сбер,3.74,Старший (Senior),Москва,Полный рабочий день
739,8 июля,Системный архитектор,,БФТ - Холдинг,4.45,Ведущий (Lead),,Можно удаленно
740,8 июля,SRE-инженер,,Магнит,3.44,Средний (Middle),Москва,Можно удаленно
741,8 июля,Robotics Software Engineer,,Сбер,3.74,Старший (Senior),Москва,Полный рабочий день
742,8 июля,Python Developer (Центр Искусственного интеллекта),,Сбер,3.74,Старший (Senior),Москва,Полный рабочий день
743,8 июля,Дежурный администратор (Дубна),,АО «ГНИВЦ»,4.63,Средний (Middle),Дубна,Полный рабочий день
744,8 июля,Продуктовый аналитик в команду Личного кабинета,,2GIS,4.67,SQL,Москва,Можно удаленно
745,8 июля,"Developer C++ (CoreTech, Monorepo)",,Лаборатория Касперского,4.2,Разработка программного обеспечения,,Можно удаленно
746,8 июля,Developer C++ (SDL),,Лаборатория Касперского,4.2,Разработка программного обеспечения,,Можно удаленно
747,8 июля," Fullstack разработчик JavaScript, php",от 100 000 до 150 000 ₽,Дорстрой-36,,Средний (Middle),Воронеж,Полный рабочий день
748,8 июля,Аналитик данных,,AstraZeneca,,SQL,Москва,Москва
749,8 июля,Разработчик в группу мобильных интерфейсов автономного транспорта ,,Яндекс,3.6,Старший (Senior),Москва,Полный рабочий день
750,8 июля,Сетевой инженер,,Резонит,,Средний (Middle),Москва,Полный рабочий день
751,8 июля,Техлид в Yandex Network Blockstore (C++),,Яндекс,3.6,Ведущий (Lead),Москва,Можно удаленно
752,8 июля,Эксперт по Информационной Безопасности,,Лаборатория Касперского,4.2,Информационная безопасность,Москва,Москва
753,8 июля,Инженер данных DWH в Вертикали,,Яндекс,3.6,SQL,Москва,Санкт-Петербург
754,8 июля,CIO в торгово-производственный холдинг (СПб),,EvoHiring,,Управление людьми,Санкт-Петербург,Полный рабочий день
755,8 июля,"Middle/Senior Business Analyst [МедиаСкаут, МТС Веб Сервисы]",,МТС,4.76,Средний (Middle),Москва,Можно удаленно
756,8 июля,Data Engineer,,Bell Integrator,4.56,Старший (Senior),Москва,Полный рабочий день
757,8 июля,.Net Developer,,Bell Integrator,4.56,Средний (Middle),Москва,Можно удаленно
758,8 июля,Маркетинговый аналитик ,от 60 000 ₽,МТС,4.76,Средний (Middle),Грозный,Грозный
759,8 июля,Инженер систем мониторинга,,Цифровой аудит,,Старший (Senior),Москва,Полный рабочий день
760,8 июля,ML Engineer (TTS Text-to-speech),,Сбер,3.74,Старший (Senior),Москва,Полный рабочий день
761,8 июля,Менеджер по внутренним коммуникациям (IT),,ЛАНИТ,4.67,Средний (Middle),Москва,Полный рабочий день
762,8 июля, Разработчик Node.js (офис),,Совкомбанк Технологии,4.76,Старший (Senior),Санкт-Петербург,Полный рабочий день
763,8 июля,DevOps Engineer,,Сбер,3.74,Старший (Senior),Москва,Полный рабочий день
764,8 июля,Системный архитектор,,БФТ - Холдинг,4.45,Ведущий (Lead),,Можно удаленно
765,8 июля,SRE-инженер,,Магнит,3.44,Средний (Middle),Москва,Можно удаленно
766,8 июля,Robotics Software Engineer,,Сбер,3.74,Старший (Senior),Москва,Полный рабочий день
767,8 июля,Python Developer (Центр Искусственного интеллекта),,Сбер,3.74,Старший (Senior),Москва,Полный рабочий день
768,8 июля,Дежурный администратор (Дубна),,АО «ГНИВЦ»,4.63,Средний (Middle),Дубна,Полный рабочий день
769,8 июля,Продуктовый аналитик в команду Личного кабинета,,2GIS,4.67,SQL,Москва,Можно удаленно
770,8 июля,"Developer C++ (CoreTech, Monorepo)",,Лаборатория Касперского,4.2,Разработка программного обеспечения,,Можно удаленно
771,8 июля,Developer C++ (SDL),,Лаборатория Касперского,4.2,Разработка программного обеспечения,,Можно удаленно
772,8 июля," Fullstack разработчик JavaScript, php",от 100 000 до 150 000 ₽,Дорстрой-36,,Средний (Middle),Воронеж,Полный рабочий день
773,8 июля,Аналитик данных,,AstraZeneca,,SQL,Москва,Москва
774,8 июля,Разработчик в группу мобильных интерфейсов автономного транспорта ,,Яндекс,3.6,Старший (Senior),Москва,Полный рабочий день
775,8 июля,Сетевой инженер,,Резонит,,Средний (Middle),Москва,Полный рабочий день
776,8 июля,Техлид в Yandex Network Blockstore (C++),,Яндекс,3.6,Ведущий (Lead),Москва,Можно удаленно
777,8 июля,Эксперт по Информационной Безопасности,,Лаборатория Касперского,4.2,Информационная безопасность,Москва,Москва
778,8 июля,Инженер данных DWH в Вертикали,,Яндекс,3.6,SQL,Москва,Санкт-Петербург
779,8 июля,CIO в торгово-производственный холдинг (СПб),,EvoHiring,,Управление людьми,Санкт-Петербург,Полный рабочий день
780,8 июля,"Middle/Senior Business Analyst [МедиаСкаут, МТС Веб Сервисы]",,МТС,4.76,Средний (Middle),Москва,Можно удаленно
781,8 июля,Data Engineer,,Bell Integrator,4.56,Старший (Senior),Москва,Полный рабочий день
782,8 июля,.Net Developer,,Bell Integrator,4.56,Средний (Middle),Москва,Можно удаленно
783,8 июля,Маркетинговый аналитик ,от 60 000 ₽,МТС,4.76,Средний (Middle),Грозный,Грозный
784,8 июля,Инженер систем мониторинга,,Цифровой аудит,,Старший (Senior),Москва,Полный рабочий день
785,8 июля,ML Engineer (TTS Text-to-speech),,Сбер,3.74,Старший (Senior),Москва,Полный рабочий день
786,8 июля,Менеджер по внутренним коммуникациям (IT),,ЛАНИТ,4.67,Средний (Middle),Москва,Полный рабочий день
787,8 июля, Разработчик Node.js (офис),,Совкомбанк Технологии,4.76,Старший (Senior),Санкт-Петербург,Полный рабочий день
788,8 июля,DevOps Engineer,,Сбер,3.74,Старший (Senior),Москва,Полный рабочий день
789,8 июля,Системный архитектор,,БФТ - Холдинг,4.45,Ведущий (Lead),,Можно удаленно
790,8 июля,SRE-инженер,,Магнит,3.44,Средний (Middle),Москва,Можно удаленно
791,8 июля,Robotics Software Engineer,,Сбер,3.74,Старший (Senior),Москва,Полный рабочий день
792,8 июля,Python Developer (Центр Искусственного интеллекта),,Сбер,3.74,Старший (Senior),Москва,Полный рабочий день
793,8 июля,Дежурный администратор (Дубна),,АО «ГНИВЦ»,4.63,Средний (Middle),Дубна,Полный рабочий день
794,8 июля,Продуктовый аналитик в команду Личного кабинета,,2GIS,4.67,SQL,Москва,Можно удаленно
795,8 июля,"Developer C++ (CoreTech, Monorepo)",,Лаборатория Касперского,4.2,Разработка программного обеспечения,,Можно удаленно
796,8 июля,Developer C++ (SDL),,Лаборатория Касперского,4.2,Разработка программного обеспечения,,Можно удаленно
797,8 июля," Fullstack разработчик JavaScript, php",от 100 000 до 150 000 ₽,Дорстрой-36,,Средний (Middle),Воронеж,Полный рабочий день
798,8 июля,Аналитик данных,,AstraZeneca,,SQL,Москва,Москва
799,8 июля,Разработчик в группу мобильных интерфейсов автономного транспорта ,,Яндекс,3.6,Старший (Senior),Москва,Полный рабочий день
800,8 июля,Сетевой инженер,,Резонит,,Средний (Middle),Москва,Полный рабочий день
801,8 июля,Техлид в Yandex Network Blockstore (C++),,Яндекс,3.6,Ведущий (Lead),Москва,Можно удаленно
802,8 июля,Эксперт по Информационной Безопасности,,Лаборатория Касперского,4.2,Информационная безопасность,Москва,Москва
803,8 июля,Инженер данных DWH в Вертикали,,Яндекс,3.6,SQL,Москва,Санкт-Петербург
804,8 июля,CIO в торгово-производственный холдинг (СПб),,EvoHiring,,Управление людьми,Санкт-Петербург,Полный рабочий день
805,8 июля,"Middle/Senior Business Analyst [МедиаСкаут, МТС Веб Сервисы]",,МТС,4.76,Средний (Middle),Москва,Можно удаленно
806,8 июля,Data Engineer,,Bell Integrator,4.56,Старший (Senior),Москва,Полный рабочий день
807,8 июля,.Net Developer,,Bell Integrator,4.56,Средний (Middle),Москва,Можно удаленно
808,8 июля,Маркетинговый аналитик ,от 60 000 ₽,МТС,4.76,Средний (Middle),Грозный,Грозный
809,8 июля,Инженер систем мониторинга,,Цифровой аудит,,Старший (Senior),Москва,Полный рабочий день
810,8 июля,ML Engineer (TTS Text-to-speech),,Сбер,3.74,Старший (Senior),Москва,Полный рабочий день
811,8 июля,Менеджер по внутренним коммуникациям (IT),,ЛАНИТ,4.67,Средний (Middle),Москва,Полный рабочий день
812,8 июля, Разработчик Node.js (офис),,Совкомбанк Технологии,4.76,Старший (Senior),Санкт-Петербург,Полный рабочий день
813,8 июля,DevOps Engineer,,Сбер,3.74,Старший (Senior),Москва,Полный рабочий день
814,8 июля,Системный архитектор,,БФТ - Холдинг,4.45,Ведущий (Lead),,Можно удаленно
815,8 июля,SRE-инженер,,Магнит,3.44,Средний (Middle),Москва,Можно удаленно
816,8 июля,Robotics Software Engineer,,Сбер,3.74,Старший (Senior),Москва,Полный рабочий день
817,8 июля,Python Developer (Центр Искусственного интеллекта),,Сбер,3.74,Старший (Senior),Москва,Полный рабочий день
818,8 июля,Дежурный администратор (Дубна),,АО «ГНИВЦ»,4.63,Средний (Middle),Дубна,Полный рабочий день
819,8 июля,Продуктовый аналитик в команду Личного кабинета,,2GIS,4.67,SQL,Москва,Можно удаленно
820,8 июля,"Developer C++ (CoreTech, Monorepo)",,Лаборатория Касперского,4.2,Разработка программного обеспечения,,Можно удаленно
821,8 июля,Developer C++ (SDL),,Лаборатория Касперского,4.2,Разработка программного обеспечения,,Можно удаленно
822,8 июля," Fullstack разработчик JavaScript, php",от 100 000 до 150 000 ₽,Дорстрой-36,,Средний (Middle),Воронеж,Полный рабочий день
823,8 июля,Аналитик данных,,AstraZeneca,,SQL,Москва,Москва
824,8 июля,Разработчик в группу мобильных интерфейсов автономного транспорта ,,Яндекс,3.6,Старший (Senior),Москва,Полный рабочий день
825,8 июля,Сетевой инженер,,Резонит,,Средний (Middle),Москва,Полный рабочий день
826,8 июля,Техлид в Yandex Network Blockstore (C++),,Яндекс,3.6,Ведущий (Lead),Москва,Можно удаленно
827,8 июля,Эксперт по Информационной Безопасности,,Лаборатория Касперского,4.2,Информационная безопасность,Москва,Москва
828,8 июля,Инженер данных DWH в Вертикали,,Яндекс,3.6,SQL,Москва,Санкт-Петербург
829,8 июля,CIO в торгово-производственный холдинг (СПб),,EvoHiring,,Управление людьми,Санкт-Петербург,Полный рабочий день
830,8 июля,"Middle/Senior Business Analyst [МедиаСкаут, МТС Веб Сервисы]",,МТС,4.76,Средний (Middle),Москва,Можно удаленно
831,8 июля,Data Engineer,,Bell Integrator,4.56,Старший (Senior),Москва,Полный рабочий день
832,8 июля,.Net Developer,,Bell Integrator,4.56,Средний (Middle),Москва,Можно удаленно
833,8 июля,Маркетинговый аналитик ,от 60 000 ₽,МТС,4.76,Средний (Middle),Грозный,Грозный
834,8 июля,Инженер систем мониторинга,,Цифровой аудит,,Старший (Senior),Москва,Полный рабочий день
835,8 июля,ML Engineer (TTS Text-to-speech),,Сбер,3.74,Старший (Senior),Москва,Полный рабочий день
836,8 июля,Менеджер по внутренним коммуникациям (IT),,ЛАНИТ,4.67,Средний (Middle),Москва,Полный рабочий день
837,8 июля, Разработчик Node.js (офис),,Совкомбанк Технологии,4.76,Старший (Senior),Санкт-Петербург,Полный рабочий день
838,8 июля,DevOps Engineer,,Сбер,3.74,Старший (Senior),Москва,Полный рабочий день
839,8 июля,Системный архитектор,,БФТ - Холдинг,4.45,Ведущий (Lead),,Можно удаленно
840,8 июля,SRE-инженер,,Магнит,3.44,Средний (Middle),Москва,Можно удаленно
841,8 июля,Robotics Software Engineer,,Сбер,3.74,Старший (Senior),Москва,Полный рабочий день
842,8 июля,Python Developer (Центр Искусственного интеллекта),,Сбер,3.74,Старший (Senior),Москва,Полный рабочий день
843,8 июля,Дежурный администратор (Дубна),,АО «ГНИВЦ»,4.63,Средний (Middle),Дубна,Полный рабочий день
844,8 июля,Продуктовый аналитик в команду Личного кабинета,,2GIS,4.67,SQL,Москва,Можно удаленно
845,8 июля,"Developer C++ (CoreTech, Monorepo)",,Лаборатория Касперского,4.2,Разработка программного обеспечения,,Можно удаленно
846,8 июля,Developer C++ (SDL),,Лаборатория Касперского,4.2,Разработка программного обеспечения,,Можно удаленно
847,8 июля," Fullstack разработчик JavaScript, php",от 100 000 до 150 000 ₽,Дорстрой-36,,Средний (Middle),Воронеж,Полный рабочий день
848,8 июля,Аналитик данных,,AstraZeneca,,SQL,Москва,Москва
849,8 июля,Разработчик в группу мобильных интерфейсов автономного транспорта ,,Яндекс,3.6,Старший (Senior),Москва,Полный рабочий день
850,8 июля,Сетевой инженер,,Резонит,,Средний (Middle),Москва,Полный рабочий день
851,8 июля,Техлид в Yandex Network Blockstore (C++),,Яндекс,3.6,Ведущий (Lead),Москва,Можно удаленно
852,8 июля,Эксперт по Информационной Безопасности,,Лаборатория Касперского,4.2,Информационная безопасность,Москва,Москва
853,8 июля,Инженер данных DWH в Вертикали,,Яндекс,3.6,SQL,Москва,Санкт-Петербург
854,8 июля,CIO в торгово-производственный холдинг (СПб),,EvoHiring,,Управление людьми,Санкт-Петербург,Полный рабочий день
855,8 июля,"Middle/Senior Business Analyst [МедиаСкаут, МТС Веб Сервисы]",,МТС,4.76,Средний (Middle),Москва,Можно удаленно
856,8 июля,Data Engineer,,Bell Integrator,4.56,Старший (Senior),Москва,Полный рабочий день
857,8 июля,.Net Developer,,Bell Integrator,4.56,Средний (Middle),Москва,Можно удаленно
858,8 июля,Маркетинговый аналитик ,от 60 000 ₽,МТС,4.76,Средний (Middle),Грозный,Грозный
859,8 июля,Инженер систем мониторинга,,Цифровой аудит,,Старший (Senior),Москва,Полный рабочий день
860,8 июля,ML Engineer (TTS Text-to-speech),,Сбер,3.74,Старший (Senior),Москва,Полный рабочий день
861,8 июля,Менеджер по внутренним коммуникациям (IT),,ЛАНИТ,4.67,Средний (Middle),Москва,Полный рабочий день
862,8 июля, Разработчик Node.js (офис),,Совкомбанк Технологии,4.76,Старший (Senior),Санкт-Петербург,Полный рабочий день
863,8 июля,DevOps Engineer,,Сбер,3.74,Старший (Senior),Москва,Полный рабочий день
864,8 июля,Системный архитектор,,БФТ - Холдинг,4.45,Ведущий (Lead),,Можно удаленно
865,8 июля,SRE-инженер,,Магнит,3.44,Средний (Middle),Москва,Можно удаленно
866,8 июля,Robotics Software Engineer,,Сбер,3.74,Старший (Senior),Москва,Полный рабочий день
867,8 июля,Python Developer (Центр Искусственного интеллекта),,Сбер,3.74,Старший (Senior),Москва,Полный рабочий день
868,8 июля,Дежурный администратор (Дубна),,АО «ГНИВЦ»,4.63,Средний (Middle),Дубна,Полный рабочий день
869,8 июля,Продуктовый аналитик в команду Личного кабинета,,2GIS,4.67,SQL,Москва,Можно удаленно
870,8 июля,"Developer C++ (CoreTech, Monorepo)",,Лаборатория Касперского,4.2,Разработка программного обеспечения,,Можно удаленно
871,8 июля,Developer C++ (SDL),,Лаборатория Касперского,4.2,Разработка программного обеспечения,,Можно удаленно
872,8 июля," Fullstack разработчик JavaScript, php",от 100 000 до 150 000 ₽,Дорстрой-36,,Средний (Middle),Воронеж,Полный рабочий день
873,8 июля,Аналитик данных,,AstraZeneca,,SQL,Москва,Москва
874,8 июля,Разработчик в группу мобильных интерфейсов автономного транспорта ,,Яндекс,3.6,Старший (Senior),Москва,Полный рабочий день
875,8 июля,Сетевой инженер,,Резонит,,Средний (Middle),Москва,Полный рабочий день
876,8 июля,Техлид в Yandex Network Blockstore (C++),,Яндекс,3.6,Ведущий (Lead),Москва,Можно удаленно
877,8 июля,Эксперт по Информационной Безопасности,,Лаборатория Касперского,4.2,Информационная безопасность,Москва,Москва
878,8 июля,Инженер данных DWH в Вертикали,,Яндекс,3.6,SQL,Москва,Санкт-Петербург
879,8 июля,CIO в торгово-производственный холдинг (СПб),,EvoHiring,,Управление людьми,Санкт-Петербург,Полный рабочий день
880,8 июля,"Middle/Senior Business Analyst [МедиаСкаут, МТС Веб Сервисы]",,МТС,4.76,Средний (Middle),Москва,Можно удаленно
881,8 июля,Data Engineer,,Bell Integrator,4.56,Старший (Senior),Москва,Полный рабочий день
882,8 июля,.Net Developer,,Bell Integrator,4.56,Средний (Middle),Москва,Можно удаленно
883,8 июля,Маркетинговый аналитик ,от 60 000 ₽,МТС,4.76,Средний (Middle),Грозный,Грозный
884,8 июля,Инженер систем мониторинга,,Цифровой аудит,,Старший (Senior),Москва,Полный рабочий день
885,8 июля,ML Engineer (TTS Text-to-speech),,Сбер,3.74,Старший (Senior),Москва,Полный рабочий день
886,8 июля,Менеджер по внутренним коммуникациям (IT),,ЛАНИТ,4.67,Средний (Middle),Москва,Полный рабочий день
887,8 июля, Разработчик Node.js (офис),,Совкомбанк Технологии,4.76,Старший (Senior),Санкт-Петербург,Полный рабочий день
888,8 июля,DevOps Engineer,,Сбер,3.74,Старший (Senior),Москва,Полный рабочий день
889,8 июля,Системный архитектор,,БФТ - Холдинг,4.45,Ведущий (Lead),,Можно удаленно
890,8 июля,SRE-инженер,,Магнит,3.44,Средний (Middle),Москва,Можно удаленно
891,8 июля,Robotics Software Engineer,,Сбер,3.74,Старший (Senior),Москва,Полный рабочий день
892,8 июля,Python Developer (Центр Искусственного интеллекта),,Сбер,3.74,Старший (Senior),Москва,Полный рабочий день
893,8 июля,Дежурный администратор (Дубна),,АО «ГНИВЦ»,4.63,Средний (Middle),Дубна,Полный рабочий день
894,8 июля,Продуктовый аналитик в команду Личного кабинета,,2GIS,4.67,SQL,Москва,Можно удаленно
895,8 июля,"Developer C++ (CoreTech, Monorepo)",,Лаборатория Касперского,4.2,Разработка программного обеспечения,,Можно удаленно
896,8 июля,Developer C++ (SDL),,Лаборатория Касперского,4.2,Разработка программного обеспечения,,Можно удаленно
897,8 июля," Fullstack разработчик JavaScript, php",от 100 000 до 150 000 ₽,Дорстрой-36,,Средний (Middle),Воронеж,Полный рабочий день
898,8 июля,Аналитик данных,,AstraZeneca,,SQL,Москва,Москва
899,8 июля,Разработчик в группу мобильных интерфейсов автономного транспорта ,,Яндекс,3.6,Старший (Senior),Москва,Полный рабочий день
900,8 июля,Сетевой инженер,,Резонит,,Средний (Middle),Москва,Полный рабочий день
901,8 июля,Техлид в Yandex Network Blockstore (C++),,Яндекс,3.6,Ведущий (Lead),Москва,Можно удаленно
902,8 июля,Эксперт по Информационной Безопасности,,Лаборатория Касперского,4.2,Информационная безопасность,Москва,Москва
903,8 июля,Инженер данных DWH в Вертикали,,Яндекс,3.6,SQL,Москва,Санкт-Петербург
904,8 июля,CIO в торгово-производственный холдинг (СПб),,EvoHiring,,Управление людьми,Санкт-Петербург,Полный рабочий день
905,8 июля,"Middle/Senior Business Analyst [МедиаСкаут, МТС Веб Сервисы]",,МТС,4.76,Средний (Middle),Москва,Можно удаленно
906,8 июля,Data Engineer,,Bell Integrator,4.56,Старший (Senior),Москва,Полный рабочий день
907,8 июля,.Net Developer,,Bell Integrator,4.56,Средний (Middle),Москва,Можно удаленно
908,8 июля,Маркетинговый аналитик ,от 60 000 ₽,МТС,4.76,Средний (Middle),Грозный,Грозный
909,8 июля,Инженер систем мониторинга,,Цифровой аудит,,Старший (Senior),Москва,Полный рабочий день
910,8 июля,ML Engineer (TTS Text-to-speech),,Сбер,3.74,Старший (Senior),Москва,Полный рабочий день
911,8 июля,Менеджер по внутренним коммуникациям (IT),,ЛАНИТ,4.67,Средний (Middle),Москва,Полный рабочий день
912,8 июля, Разработчик Node.js (офис),,Совкомбанк Технологии,4.76,Старший (Senior),Санкт-Петербург,Полный рабочий день
913,8 июля,DevOps Engineer,,Сбер,3.74,Старший (Senior),Москва,Полный рабочий день
914,8 июля,Системный архитектор,,БФТ - Холдинг,4.45,Ведущий (Lead),,Можно удаленно
915,8 июля,SRE-инженер,,Магнит,3.44,Средний (Middle),Москва,Можно удаленно
916,8 июля,Robotics Software Engineer,,Сбер,3.74,Старший (Senior),Москва,Полный рабочий день
917,8 июля,Python Developer (Центр Искусственного интеллекта),,Сбер,3.74,Старший (Senior),Москва,Полный рабочий день
918,8 июля,Дежурный администратор (Дубна),,АО «ГНИВЦ»,4.63,Средний (Middle),Дубна,Полный рабочий день
919,8 июля,Продуктовый аналитик в команду Личного кабинета,,2GIS,4.67,SQL,Москва,Можно удаленно
920,8 июля,"Developer C++ (CoreTech, Monorepo)",,Лаборатория Касперского,4.2,Разработка программного обеспечения,,Можно удаленно
921,8 июля,Developer C++ (SDL),,Лаборатория Касперского,4.2,Разработка программного обеспечения,,Можно удаленно
922,8 июля," Fullstack разработчик JavaScript, php",от 100 000 до 150 000 ₽,Дорстрой-36,,Средний (Middle),Воронеж,Полный рабочий день
923,8 июля,Аналитик данных,,AstraZeneca,,SQL,Москва,Москва
924,8 июля,Разработчик в группу мобильных интерфейсов автономного транспорта ,,Яндекс,3.6,Старший (Senior),Москва,Полный рабочий день
925,8 июля,Сетевой инженер,,Резонит,,Средний (Middle),Москва,Полный рабочий день
926,8 июля,Техлид в Yandex Network Blockstore (C++),,Яндекс,3.6,Ведущий (Lead),Москва,Можно удаленно
927,8 июля,Эксперт по Информационной Безопасности,,Лаборатория Касперского,4.2,Информационная безопасность,Москва,Москва
928,8 июля,Инженер данных DWH в Вертикали,,Яндекс,3.6,SQL,Москва,Санкт-Петербург
929,8 июля,CIO в торгово-производственный холдинг (СПб),,EvoHiring,,Управление людьми,Санкт-Петербург,Полный рабочий день
930,8 июля,"Middle/Senior Business Analyst [МедиаСкаут, МТС Веб Сервисы]",,МТС,4.76,Средний (Middle),Москва,Можно удаленно
931,8 июля,Data Engineer,,Bell Integrator,4.56,Старший (Senior),Москва,Полный рабочий день
932,8 июля,.Net Developer,,Bell Integrator,4.56,Средний (Middle),Москва,Можно удаленно
933,8 июля,Маркетинговый аналитик ,от 60 000 ₽,МТС,4.76,Средний (Middle),Грозный,Грозный
934,8 июля,Инженер систем мониторинга,,Цифровой аудит,,Старший (Senior),Москва,Полный рабочий день
935,8 июля,ML Engineer (TTS Text-to-speech),,Сбер,3.74,Старший (Senior),Москва,Полный рабочий день
936,8 июля,Менеджер по внутренним коммуникациям (IT),,ЛАНИТ,4.67,Средний (Middle),Москва,Полный рабочий день
937,8 июля, Разработчик Node.js (офис),,Совкомбанк Технологии,4.76,Старший (Senior),Санкт-Петербург,Полный рабочий день
938,8 июля,DevOps Engineer,,Сбер,3.74,Старший (Senior),Москва,Полный рабочий день
939,8 июля,Системный архитектор,,БФТ - Холдинг,4.45,Ведущий (Lead),,Можно удаленно
940,8 июля,SRE-инженер,,Магнит,3.44,Средний (Middle),Москва,Можно удаленно
941,8 июля,Robotics Software Engineer,,Сбер,3.74,Старший (Senior),Москва,Полный рабочий день
942,8 июля,Python Developer (Центр Искусственного интеллекта),,Сбер,3.74,Старший (Senior),Москва,Полный рабочий день
943,8 июля,Дежурный администратор (Дубна),,АО «ГНИВЦ»,4.63,Средний (Middle),Дубна,Полный рабочий день
944,8 июля,Продуктовый аналитик в команду Личного кабинета,,2GIS,4.67,SQL,Москва,Можно удаленно
945,8 июля,"Developer C++ (CoreTech, Monorepo)",,Лаборатория Касперского,4.2,Разработка программного обеспечения,,Можно удаленно
946,8 июля,Developer C++ (SDL),,Лаборатория Касперского,4.2,Разработка программного обеспечения,,Можно удаленно
947,8 июля," Fullstack разработчик JavaScript, php",от 100 000 до 150 000 ₽,Дорстрой-36,,Средний (Middle),Воронеж,Полный рабочий день
948,8 июля,Аналитик данных,,AstraZeneca,,SQL,Москва,Москва
949,8 июля,Разработчик в группу мобильных интерфейсов автономного транспорта ,,Яндекс,3.6,Старший (Senior),Москва,Полный рабочий день
950,8 июля,Сетевой инженер,,Резонит,,Средний (Middle),Москва,Полный рабочий день
951,8 июля,Техлид в Yandex Network Blockstore (C++),,Яндекс,3.6,Ведущий (Lead),Москва,Можно удаленно
952,8 июля,Эксперт по Информационной Безопасности,,Лаборатория Касперского,4.2,Информационная безопасность,Москва,Москва
953,8 июля,Инженер данных DWH в Вертикали,,Яндекс,3.6,SQL,Москва,Санкт-Петербург
954,8 июля,CIO в торгово-производственный холдинг (СПб),,EvoHiring,,Управление людьми,Санкт-Петербург,Полный рабочий день
955,8 июля,"Middle/Senior Business Analyst [МедиаСкаут, МТС Веб Сервисы]",,МТС,4.76,Средний (Middle),Москва,Можно удаленно
956,8 июля,Data Engineer,,Bell Integrator,4.56,Старший (Senior),Москва,Полный рабочий день
957,8 июля,.Net Developer,,Bell Integrator,4.56,Средний (Middle),Москва,Можно удаленно
958,8 июля,Маркетинговый аналитик ,от 60 000 ₽,МТС,4.76,Средний (Middle),Грозный,Грозный
959,8 июля,Инженер систем мониторинга,,Цифровой аудит,,Старший (Senior),Москва,Полный рабочий день
960,8 июля,ML Engineer (TTS Text-to-speech),,Сбер,3.74,Старший (Senior),Москва,Полный рабочий день
961,8 июля,Менеджер по внутренним коммуникациям (IT),,ЛАНИТ,4.67,Средний (Middle),Москва,Полный рабочий день
962,8 июля, Разработчик Node.js (офис),,Совкомбанк Технологии,4.76,Старший (Senior),Санкт-Петербург,Полный рабочий день
963,8 июля,DevOps Engineer,,Сбер,3.74,Старший (Senior),Москва,Полный рабочий день
964,8 июля,Системный архитектор,,БФТ - Холдинг,4.45,Ведущий (Lead),,Можно удаленно
965,8 июля,SRE-инженер,,Магнит,3.44,Средний (Middle),Москва,Можно удаленно
966,8 июля,Robotics Software Engineer,,Сбер,3.74,Старший (Senior),Москва,Полный рабочий день
967,8 июля,Python Developer (Центр Искусственного интеллекта),,Сбер,3.74,Старший (Senior),Москва,Полный рабочий день
968,8 июля,Дежурный администратор (Дубна),,АО «ГНИВЦ»,4.63,Средний (Middle),Дубна,Полный рабочий день
969,8 июля,Продуктовый аналитик в команду Личного кабинета,,2GIS,4.67,SQL,Москва,Можно удаленно
970,8 июля,"Developer C++ (CoreTech, Monorepo)",,Лаборатория Касперского,4.2,Разработка программного обеспечения,,Можно удаленно
971,8 июля,Developer C++ (SDL),,Лаборатория Касперского,4.2,Разработка программного обеспечения,,Можно удаленно
972,8 июля," Fullstack разработчик JavaScript, php",от 100 000 до 150 000 ₽,Дорстрой-36,,Средний (Middle),Воронеж,Полный рабочий день
973,8 июля,Аналитик данных,,AstraZeneca,,SQL,Москва,Москва
974,8 июля,Разработчик в группу мобильных интерфейсов автономного транспорта ,,Яндекс,3.6,Старший (Senior),Москва,Полный рабочий день
