,Unnamed: 0,year,rooms,area,current_floor,total_floors,price,subway,remote_minutes,cluster,Категория
0,0,2025,2,40.5,6,27,28826623,Павелецкая,4.0,1,низкий класс
1,2,2025,3,83.7,3,9,17000000,Нижегородская,11.0,1,низкий класс
2,3,2025,3,174.4,3,7,734724000,Кузнецкий мост,3.0,3,высокий класс
3,4,2025,2,68.0,2,8,54900000,Красные ворота,7.0,1,низкий класс
4,5,2025,2,55.5,10,12,11700000,,,1,низкий класс
5,6,2025,2,131.7,3,7,587882000,Кузнецкий мост,3.0,0,средний класс
6,7,2025,4,156.0,5,14,134000000,Фрунзенская,5.0,0,средний класс
7,9,2025,4,268.23,5,7,871747500,Арбатская,4.0,3,высокий класс
8,11,2025,2,63.0,14,16,29900000,Юго-Западная,10.0,1,низкий класс
9,12,2025,2,44.4,5,33,15096000,Новохохловская,11.0,1,низкий класс
10,13,2025,4,210.8,21,53,150000000,Поклонная,6.0,3,высокий класс
11,14,2025,3,81.2,10,14,70000000,Полянка,3.0,1,низкий класс
12,15,2025,2,57.7,27,40,33934235,Тульская,6.0,1,низкий класс
13,16,2025,4,192.0,4,6,115000000,Пушкинская,8.0,3,высокий класс
14,17,2025,2,47.8,10,12,17000000,Деловой центр,15.0,1,низкий класс
15,18,2025,4,405.5,2,4,1297600000,Пушкинская,7.0,2,элитный класс
16,19,2025,3,137.6,25,48,75000000,Щукинская,12.0,0,средний класс
17,20,2025,4,176.0,6,7,140000000,Кропоткинская,13.0,3,высокий класс
18,21,2025,1,28.1,7,27,20356767,Павелецкая,4.0,1,низкий класс
19,22,2025,4,162.0,2,6,88000000,Щукинская,10.0,0,средний класс
20,24,2025,1,29.7,27,34,18087707,Воронцовская,7.0,1,низкий класс
21,25,2025,3,122.0,26,36,109900000,Минская,13.0,0,средний класс
22,26,2025,4,158.1,5,8,170000000,Ленинский проспект,9.0,0,средний класс
23,27,2025,3,59.4,29,34,27900756,Воронцовская,7.0,1,низкий класс
24,28,2025,3,130.0,2,16,149900000,Смоленская,5.0,0,средний класс
25,30,2025,1,36.4,2,40,12236400,Новохохловская,11.0,1,низкий класс
26,31,2025,3,130.0,10,10,102000000,Шаболовская,9.0,0,средний класс
27,32,2025,4,109.4,5,6,78000000,Пушкинская,5.0,0,средний класс
28,33,2025,1,41.1,17,41,24513889,Тульская,6.0,1,низкий класс
29,34,2025,2,52.7,13,16,15500000,Чертановская,8.0,1,низкий класс
30,35,2025,2,53.42,19,44,23831944,Кунцевская,13.0,1,низкий класс
31,36,2025,4,129.7,39,67,109000000,Москва-Сити,7.0,0,средний класс
32,37,2025,1,35.6,6,8,7821320,Бибирево,8.0,1,низкий класс
33,38,2025,2,54.24,7,24,27830544,Выставочный центр,14.0,1,низкий класс
34,40,2025,3,60.2,4,12,32990000,Проспект Мира,13.0,1,низкий класс
35,41,2025,4,146.4,39,40,90855840,Тульская,6.0,0,средний класс
36,42,2025,3,80.0,17,17,34950000,Шелепиха,7.0,1,низкий класс
37,43,2025,2,62.1,2,5,18819130,Бульвар Рокоссовского,18.0,1,низкий класс
38,44,2025,4,232.5,75,85,181640506,Москва-Сити,2.0,3,высокий класс
39,46,2025,4,148.3,17,18,68500000,ЦСКА,10.0,0,средний класс
40,47,2025,1,41.7,7,8,30607800,Ленинский проспект,14.0,1,низкий класс
41,48,2025,4,108.0,17,18,65000000,Москва-Сити,12.0,0,средний класс
42,49,2025,1,33.5,1,6,11743030,Бульвар Рокоссовского,18.0,1,низкий класс
43,50,2025,4,154.0,14,18,180000000,Москва-Сити,19.0,0,средний класс
44,51,2025,5,316.0,2,5,420000000,Спортивная,9.0,2,элитный класс
45,52,2025,4,105.0,12,16,66000000,Проспект Мира,7.0,0,средний класс
46,53,2025,4,120.3,4,47,64086216,Павелецкая,9.0,0,средний класс
47,54,2025,4,148.3,8,8,270000000,Шаболовская,11.0,0,средний класс
48,55,2025,4,107.0,9,9,42500000,Университет,14.0,0,средний класс
49,56,2025,3,109.3,9,25,98370000,Кунцевская,9.0,0,средний класс
50,57,2025,4,172.0,8,12,310000000,Фрунзенская,8.0,3,высокий класс
51,58,2025,2,38.0,6,14,9800000,Выхино,20.0,1,низкий класс
52,59,2025,1,41.9,3,30,10910760,Аннино,6.0,1,низкий класс
53,60,2025,3,116.0,4,11,349000000,Спортивная,7.0,0,средний класс
54,61,2025,2,125.0,84,95,87500000,Деловой центр,3.0,0,средний класс
55,62,2025,4,86.9,8,27,48750900,Павелецкая,4.0,1,низкий класс
56,63,2025,3,265.0,5,5,225250000,Смоленская,6.0,3,высокий класс
57,64,2025,5,225.15,6,7,450000000,Баррикадная,11.0,3,высокий класс
58,65,2025,2,51.6,2,59,20614200,Давыдково,4.0,1,низкий класс
59,66,2025,3,108.0,7,12,335000000,Спортивная,6.0,0,средний класс
60,67,2025,4,236.0,37,38,140000000,Минская,14.0,3,высокий класс
61,68,2025,1,65.3,4,6,285208000,Кузнецкий мост,3.0,1,низкий класс
62,69,2025,3,75.9,2,9,65000000,Баррикадная,11.0,1,низкий класс
63,70,2025,2,49.7,2,8,9507610,Бибирево,8.0,1,низкий класс
64,71,2025,2,61.6,6,25,53592000,Кунцевская,9.0,1,низкий класс
65,74,2025,2,74.0,5,21,35465384,Щукинская,11.0,1,низкий класс
66,75,2025,4,78.3,27,30,27953100,Угрешская,5.0,1,низкий класс
67,76,2025,3,83.33,4,17,38490127,Выставочный центр,14.0,1,низкий класс
68,77,2025,5,185.0,33,33,100000000,Юго-Западная,4.0,3,высокий класс
69,79,2025,2,86.2,2,4,180000000,Боровицкая,12.0,1,низкий класс
70,80,2025,5,190.0,33,33,100000000,Юго-Западная,4.0,3,высокий класс
71,81,2025,4,109.0,3,5,79970000,Пушкинская,10.0,0,средний класс
72,82,2025,2,49.8,2,24,22429920,Сокольники,14.0,1,низкий класс
73,83,2025,3,177.0,4,13,395000000,Фрунзенская,14.0,3,высокий класс
74,84,2025,4,152.4,9,15,426720000,Фрунзенская,8.0,0,средний класс
75,85,2025,3,59.6,5,33,38072374,Павелецкая,19.0,1,низкий класс
76,86,2025,4,173.0,9,13,420000000,Фрунзенская,14.0,3,высокий класс
77,87,2025,4,145.0,25,42,90000000,Ломоносовский проспект,17.0,0,средний класс
78,88,2025,3,56.8,2,29,18516800,Новые Черёмушки,13.0,1,низкий класс
79,89,2025,4,173.6,9,13,420000000,Киевская,14.0,3,высокий класс
80,91,2025,4,115.5,19,21,48163500,Римская,18.0,0,средний класс
81,92,2025,4,233.0,9,9,650000000,Фрунзенская,12.0,3,высокий класс
82,93,2025,3,74.0,4,5,19500000,Преображенская площадь,17.0,1,низкий класс
83,94,2025,2,60.66,16,49,24944015,Марьина Роща,11.0,1,низкий класс
84,95,2025,4,220.6,2,9,770000000,Тверская,14.0,3,высокий класс
85,96,2025,4,127.6,14,25,79000000,Баррикадная,10.0,0,средний класс
86,97,2025,2,49.2,37,52,20148876,Давыдково,5.0,1,низкий класс
87,99,2025,4,186.0,3,9,164457089,Киевская,7.0,3,высокий класс
88,100,2025,3,101.8,8,20,41383405,Фили,4.0,0,средний класс
89,102,2025,2,78.3,7,7,59600000,Кропоткинская,5.0,1,низкий класс
90,103,2025,1,31.2,2,5,15381600,Давыдково,4.0,1,низкий класс
91,104,2025,3,136.0,10,20,122400000,Краснопресненская,2.0,0,средний класс
92,105,2025,4,168.0,7,10,200000000,Курская,12.0,3,высокий класс
93,106,2025,4,94.9,2,5,36702575,Давыдково,4.0,0,средний класс
94,107,2025,4,211.0,21,53,150000000,Поклонная,6.0,3,высокий класс
95,108,2025,2,53.6,2,20,11773207,Филатов Луг,10.0,1,низкий класс
96,109,2025,4,99.5,4,7,46748284,Марьина Роща,18.0,0,средний класс
97,110,2025,3,110.0,4,8,90059834,Парк Культуры,15.0,0,средний класс
98,111,2025,4,104.0,3,15,84999000,Терехово,14.0,0,средний класс
99,112,2025,2,45.8,11,18,64475972,Москва-Сити,16.0,1,низкий класс
100,114,2025,4,120.0,28,53,75000000,Шелепиха,8.0,0,средний класс
101,115,2025,2,55.4,16,25,24684024,Римская,18.0,1,низкий класс
102,116,2025,4,95.0,5,6,73000000,Смоленская,3.0,0,средний класс
103,117,2025,3,74.1,3,4,45000000,Трубная,9.0,1,низкий класс
104,118,2025,2,42.1,2,29,14987600,Новые Черёмушки,11.0,1,низкий класс
105,119,2025,3,126.0,2,6,138500000,Парк Культуры,10.0,0,средний класс
106,121,2025,1,29.19,16,49,14692320,Рижская,16.0,1,низкий класс
107,122,2025,4,170.0,5,6,130000000,Добрынинская,6.0,3,высокий класс
108,123,2025,1,31.9,8,9,11500000,Соколиная гора,4.0,1,низкий класс
109,124,2025,3,163.2,13,21,228324756,Улица 1905 года,7.0,3,высокий класс
110,126,2025,4,124.0,17,20,110000000,Беломорская,4.0,0,средний класс
111,127,2025,2,65.1,6,17,30449874,Петровский Парк,16.0,1,низкий класс
112,128,2025,4,170.0,5,6,130000000,Третьяковская,15.0,3,высокий класс
113,129,2025,5,122.8,4,6,128000000,Пушкинская,10.0,0,средний класс
114,130,2025,2,60.7,2,4,24219300,Аминьевская,7.0,1,низкий класс
115,132,2025,5,423.0,5,6,1325054267,Кропоткинская,11.0,2,элитный класс
116,133,2025,2,173.3,1,6,467910000,Пушкинская,7.0,3,высокий класс
117,135,2025,4,114.7,56,58,92000000,Народное Ополчение,10.0,0,средний класс
118,136,2025,2,54.3,2,9,13432734,Аннино,4.0,1,низкий класс
119,137,2025,4,236.0,2,10,450000000,Парк Культуры,12.0,3,высокий класс
120,138,2025,2,48.0,11,41,40000000,Кутузовская,18.0,1,низкий класс
121,139,2025,3,77.61,27,41,65900000,Кутузовская,17.0,1,низкий класс
122,140,2025,3,104.8,2,21,48208524,Щукинская,11.0,0,средний класс
123,141,2025,2,71.3,8,9,75000000,Маяковская,5.0,1,низкий класс
124,142,2025,3,69.7,11,33,23246000,Текстильщики,20.0,1,низкий класс
125,144,2025,3,84.0,17,32,74000000,Кутузовская,10.0,1,низкий класс
126,145,2025,1,78.34,3,7,207601000,Арбатская,4.0,1,низкий класс
127,146,2025,3,103.0,10,13,320000000,Фрунзенская,11.0,0,средний класс
128,147,2025,3,94.0,3,51,41800000,Шелепиха,5.0,0,средний класс
129,148,2025,1,30.77,11,59,15410231,Давыдково,5.0,1,низкий класс
130,149,2025,3,149.2,11,13,280000000,Спортивная,9.0,0,средний класс
131,150,2025,2,80.6,59,85,58575543,Москва-Сити,1.0,1,низкий класс
132,151,2025,2,142.38,2,7,355950000,Арбатская,4.0,0,средний класс
133,152,2025,1,43.4,3,18,23654996,Фили,4.0,1,низкий класс
134,153,2025,2,60.1,12,17,15990000,Люблино,4.0,1,низкий класс
135,154,2025,1,37.0,8,9,13000000,Лефортово,6.0,1,низкий класс
136,155,2025,3,75.25,5,16,26262250,Тульская,17.0,1,низкий класс
137,156,2025,4,132.6,7,8,65000000,Красные ворота,7.0,0,средний класс
138,159,2025,3,66.1,9,38,29500000,Беговая,4.0,1,низкий класс
139,160,2025,3,85.8,6,11,78201552,Павелецкая,16.0,1,низкий класс
140,161,2025,4,92.0,5,5,90000000,Охотный ряд,12.0,0,средний класс
141,162,2025,3,83.6,23,32,69500000,Парк Победы,17.0,1,низкий класс
142,163,2025,1,48.1,15,21,29648840,Щукинская,11.0,1,низкий класс
143,164,2025,4,202.0,4,8,360000000,Фрунзенская,16.0,3,высокий класс
144,165,2025,4,165.1,8,8,169000000,Лубянка,4.0,3,высокий класс
145,166,2025,1,47.4,7,23,26357000,Бауманская,13.0,1,низкий класс
146,167,2025,4,202.7,20,23,120000000,Филёвский парк,8.0,3,высокий класс
147,168,2025,1,35.73,7,24,20337516,Выставочный центр,14.0,1,низкий класс
148,170,2025,5,203.4,6,12,168000000,Мичуринский проспект,12.0,3,высокий класс
149,171,2025,2,46.1,4,35,25148500,Давыдково,11.0,1,низкий класс
150,172,2025,2,110.2,2,7,115000000,Красные ворота,4.0,0,средний класс
151,173,2025,5,326.0,17,17,115000000,Раменки,5.0,2,элитный класс
152,174,2025,3,112.4,3,5,266850000,Китай-город,6.0,0,средний класс
153,175,2025,5,260.2,3,6,215000000,Красные ворота,11.0,3,высокий класс
154,176,2025,4,137.0,3,18,67000000,Деловой центр,19.0,0,средний класс
155,177,2025,1,45.6,2,14,74870000,Белорусская,11.0,1,низкий класс
156,178,2025,4,150.0,4,6,150000000,Курская,15.0,0,средний класс
157,179,2025,1,36.6,3,20,9215070,Филатов Луг,10.0,1,низкий класс
158,180,2025,1,31.0,24,44,18285350,Кунцевская,13.0,1,низкий класс
159,181,2025,4,231.3,15,15,165858000,Маяковская,6.0,3,высокий класс
160,183,2025,1,45.5,10,46,36855000,Народное Ополчение,14.0,1,низкий класс
161,184,2025,5,182.0,4,11,120000000,Курская,8.0,3,высокий класс
162,186,2025,1,31.8,16,31,14742162,Бульвар Рокоссовского,2.0,1,низкий класс
163,187,2025,1,48.0,11,41,40000000,Кутузовская,17.0,1,низкий класс
164,189,2025,1,40.63,16,49,18987479,Марьина Роща,11.0,1,низкий класс
165,190,2025,2,47.6,2,11,68500000,Киевская,15.0,1,низкий класс
166,191,2025,4,97.5,25,30,66000000,Шелепиха,6.0,0,средний класс
167,192,2025,2,56.2,3,11,50773328,Павелецкая,16.0,1,низкий класс
168,193,2025,3,83.6,25,32,71500000,Парк Победы,17.0,1,низкий класс
169,194,2025,4,190.0,4,7,290000000,Парк Культуры,10.0,3,высокий класс
170,195,2025,4,143.4,32,34,123324000,Парк Победы,17.0,0,средний класс
171,196,2025,3,102.6,10,32,93000000,Парк Победы,17.0,0,средний класс
172,197,2025,3,174.7,2,6,247300500,Новокузнецкая,10.0,3,высокий класс
173,198,2025,3,127.0,4,12,200000000,Мичуринский проспект,17.0,0,средний класс
174,200,2025,2,110.1,4,17,63417600,Ленинский проспект,14.0,0,средний класс
175,201,2025,3,128.1,19,32,128900000,Парк Победы,17.0,0,средний класс
176,202,2025,4,129.0,1,14,48000000,Беломорская,19.0,0,средний класс
177,203,2025,4,240.0,4,6,624000000,Новокузнецкая,10.0,3,высокий класс
178,204,2025,3,78.5,38,51,56790000,Раменки,12.0,1,низкий класс
179,205,2025,4,156.0,16,22,78000000,Ломоносовский проспект,16.0,0,средний класс
180,206,2025,1,65.5,18,21,108320625,Улица 1905 года,7.0,1,низкий класс
181,207,2025,3,76.3,2,15,55000000,Ломоносовский проспект,2.0,1,низкий класс
182,208,2025,4,224.0,6,21,260000000,Белорусская,16.0,3,высокий класс
183,209,2025,2,178.6,3,5,164312000,Смоленская,6.0,3,высокий класс
184,211,2025,5,183.2,12,22,133000000,Ломоносовский проспект,15.0,3,высокий класс
185,212,2025,3,183.1,5,9,276481000,Сухаревская,5.0,3,высокий класс
186,214,2025,3,123.0,2,9,150000000,Фрунзенская,16.0,0,средний класс
187,215,2025,3,170.9,3,6,388890000,Китай-город,14.0,3,высокий класс
188,216,2025,3,123.3,15,15,94000000,Ломоносовский проспект,2.0,0,средний класс
189,217,2025,3,91.0,40,44,117000000,Улица 1905 года,13.0,0,средний класс
190,218,2025,3,72.8,3,21,29734400,Тушинская,5.0,1,низкий класс
191,219,2025,3,150.0,8,53,135000000,Поклонная,6.0,0,средний класс
192,220,2025,3,147.0,4,5,49900000,Коптево,7.0,0,средний класс
193,221,2025,3,72.5,2,11,35554000,Марьина Роща,18.0,1,низкий класс
194,222,2025,2,62.7,12,32,54000000,Парк Победы,17.0,1,низкий класс
195,224,2025,2,104.2,5,9,174388599,Маяковская,1.0,0,средний класс
196,226,2025,3,80.0,19,35,43000000,Москва-Сити,10.0,1,низкий класс
197,227,2025,1,31.1,8,15,29806240,Тульская,8.0,1,низкий класс
198,228,2025,3,191.5,29,53,195782249,Поклонная,6.0,3,высокий класс
199,230,2025,1,30.0,2,21,16734420,Тульская,10.0,1,низкий класс
200,231,2025,5,182.0,4,10,120000000,Чкаловская,7.0,3,высокий класс
201,232,2025,4,128.7,4,7,110000000,Таганская,16.0,0,средний класс
202,233,2025,2,53.2,7,15,53003160,Тульская,8.0,1,низкий класс
203,234,2025,3,152.7,22,34,167970000,Поклонная,6.0,0,средний класс
204,235,2025,3,150.0,6,12,115000000,Третьяковская,5.0,0,средний класс
205,236,2025,2,67.3,3,34,49263600,Парк Победы,17.0,1,низкий класс
206,237,2025,3,83.6,24,32,71000000,Парк Победы,17.0,1,низкий класс
207,238,2025,5,242.0,6,9,1060000000,Смоленская,11.0,3,высокий класс
208,239,2025,1,38.0,27,34,19177710,Нагорная,8.0,1,низкий класс
209,240,2025,4,78.0,1,5,73500000,Кропоткинская,6.0,1,низкий класс
210,241,2025,3,60.7,3,9,22591933,Водный стадион,4.0,1,низкий класс
211,242,2025,5,205.0,24,24,139000000,Кунцевская,3.0,3,высокий класс
212,243,2025,4,124.1,20,21,74850666,Щукинская,11.0,0,средний класс
213,244,2025,2,61.2,2,28,20428560,Тушинская,4.0,1,низкий класс
214,246,2025,4,151.4,3,7,226280000,Баррикадная,18.0,0,средний класс
215,247,2025,4,144.0,3,38,59900000,Минская,13.0,0,средний класс
216,248,2025,2,38.3,3,35,11566600,Ростокино,6.0,1,низкий класс
217,250,2025,1,113.0,4,8,146900000,Смоленская,9.0,0,средний класс
218,251,2025,2,109.1,8,44,44900000,Ломоносовский проспект,17.0,0,средний класс
219,252,2025,2,50.4,4,12,29836800,Преображенская площадь,4.0,1,низкий класс
220,253,2025,4,110.0,22,41,58000000,Шелепиха,14.0,0,средний класс
221,254,2025,1,38.5,4,21,17204000,Тушинская,5.0,1,низкий класс
222,255,2025,3,60.0,2,9,48000000,Баррикадная,11.0,1,низкий класс
223,256,2025,3,81.7,16,23,42125500,Бауманская,13.0,1,низкий класс
224,257,2025,5,202.9,26,43,120000000,Ломоносовский проспект,17.0,3,высокий класс
225,258,2025,1,45.6,3,25,22266753,Петровский Парк,16.0,1,низкий класс
226,259,2025,3,99.4,8,8,58500000,Парк Победы,5.0,0,средний класс
227,260,2025,3,96.0,5,6,130000000,Тверская,10.0,0,средний класс
228,261,2025,4,84.4,20,28,36509864,Нагорная,7.0,1,низкий класс
229,262,2025,2,63.0,7,10,18950000,Рассказовка,17.0,1,низкий класс
230,264,2025,3,142.1,8,17,95207000,Ленинский проспект,14.0,0,средний класс
231,265,2025,3,125.2,8,14,96500000,Улица 1905 года,9.0,0,средний класс
232,266,2025,1,47.6,4,6,82638400,Новокузнецкая,10.0,1,низкий класс
233,267,2025,2,57.2,5,9,21000000,Преображенская площадь,12.0,1,низкий класс
234,268,2025,3,76.0,14,28,34553400,Бульвар Генерала Карбышева,5.0,1,низкий класс
235,270,2025,4,150.0,11,38,75000000,Минская,17.0,0,средний класс
236,271,2025,3,56.8,20,22,25900848,Нагорная,7.0,1,низкий класс
237,273,2025,2,35.4,2,39,30168234,Павелецкая,10.0,1,низкий класс
238,275,2025,4,91.43,7,14,66000000,Минская,5.0,0,средний класс
239,276,2025,3,76.4,23,26,34860000,Нагорная,5.0,1,низкий класс
240,278,2025,2,62.0,26,40,38650000,ЗИЛ,8.0,1,низкий класс
241,279,2025,1,48.3,2,6,113022000,Новокузнецкая,10.0,1,низкий класс
242,281,2025,3,85.8,1,19,42000000,Шелепиха,16.0,1,низкий класс
243,282,2025,4,129.0,42,50,59053620,Мичуринский проспект,11.0,0,средний класс
244,283,2025,1,41.0,22,22,28000000,Римская,20.0,1,низкий класс
245,284,2025,1,48.1,12,18,71859594,Александровский сад,5.0,1,низкий класс
246,286,2025,4,120.1,4,7,127000000,Тверская,5.0,0,средний класс
247,287,2025,2,176.0,4,5,565440000,Полянка,6.0,3,высокий класс
248,288,2025,3,160.8,7,9,242769989,Маяковская,2.0,0,средний класс
249,289,2025,4,243.5,11,12,280000000,Пушкинская,6.0,3,высокий класс
250,290,2025,3,83.2,36,51,34756800,Шелепиха,7.0,1,низкий класс
251,291,2025,2,137.1,2,7,630000000,Пушкинская,11.0,0,средний класс
252,292,2025,3,217.2,2,5,521280000,Полянка,6.0,3,высокий класс
253,294,2025,5,301.5,3,6,260000000,Кропоткинская,10.0,2,элитный класс
254,295,2025,4,93.1,3,24,58800000,Октябрьское поле,17.0,0,средний класс
255,297,2025,3,177.0,34,57,150000000,Аэропорт,10.0,3,высокий класс
256,298,2025,3,79.14,5,49,33116851,Марьина Роща,11.0,1,низкий класс
257,300,2025,4,191.0,3,6,290000000,Парк Культуры,10.0,3,высокий класс
258,301,2025,4,227.3,5,9,454600000,Сухаревская,3.0,3,высокий класс
259,302,2025,3,120.0,13,15,225000000,Фрунзенская,14.0,0,средний класс
260,303,2025,3,103.7,2,6,29833950,Бульвар Рокоссовского,18.0,0,средний класс
261,304,2025,4,107.1,7,30,38309670,Тушинская,4.0,0,средний класс
262,305,2025,2,44.3,3,5,49400000,Новокузнецкая,6.0,1,низкий класс
263,306,2025,3,131.1,2,6,110000000,Маяковская,8.0,0,средний класс
264,307,2025,3,101.0,2,16,148800000,Кутузовская,10.0,0,средний класс
265,308,2025,3,124.0,7,10,310000000,Трубная,5.0,0,средний класс
266,309,2025,4,212.1,2,4,424200000,Минская,14.0,3,высокий класс
267,310,2025,5,251.0,2,10,219990000,Фрунзенская,14.0,3,высокий класс
268,311,2025,4,105.2,18,28,55756000,Бульвар Генерала Карбышева,5.0,0,средний класс
269,312,2025,4,181.0,8,22,73500000,Кунцевская,7.0,3,высокий класс
270,314,2025,2,79.6,25,50,40357200,Мичуринский проспект,11.0,1,низкий класс
271,315,2025,5,457.5,7,8,704816099,Тверская,7.0,2,элитный класс
272,316,2025,2,90.0,10,11,74900000,Динамо,6.0,0,средний класс
273,317,2025,1,79.1,2,6,170190000,Китай-город,14.0,1,низкий класс
274,318,2025,2,69.3,13,19,45600000,Шелепиха,14.0,1,низкий класс
275,319,2025,2,61.9,2,29,25173000,Тушинская,5.0,1,низкий класс
276,321,2025,3,264.6,2,6,846720000,Пушкинская,7.0,3,высокий класс
277,322,2025,3,96.0,35,38,97248000,Динамо,14.0,0,средний класс
278,323,2025,4,234.3,18,21,390424228,Улица 1905 года,7.0,3,высокий класс
279,324,2025,5,264.5,6,22,150000000,Ломоносовский проспект,15.0,3,высокий класс
280,326,2025,1,57.1,9,12,55923740,Мичуринский проспект,11.0,1,низкий класс
281,327,2025,3,153.4,5,16,129990000,Белорусская,2.0,0,средний класс
282,329,2025,2,54.9,2,78,48312000,Москва-Сити,3.0,1,низкий класс
283,330,2025,4,92.8,5,5,90000000,Трубная,10.0,0,средний класс
284,331,2025,1,29.7,2,44,15040436,Октябрьское поле,6.0,1,низкий класс
285,332,2025,2,64.76,5,21,77000000,Улица 1905 года,7.0,1,низкий класс
286,333,2025,4,94.9,12,19,48000000,Спартак,8.0,0,средний класс
287,334,2025,2,73.6,2,6,184100000,Новокузнецкая,10.0,1,низкий класс
288,336,2025,5,100.0,9,10,75500000,Шелепиха,6.0,0,средний класс
289,337,2025,2,42.6,32,34,23066503,Воронцовская,7.0,1,низкий класс
290,338,2025,3,123.0,11,20,123000000,Краснопресненская,4.0,0,средний класс
291,339,2025,4,210.6,2,9,230000000,Александровский сад,14.0,3,высокий класс
292,340,2025,3,64.1,9,43,28823334,Зорге,6.0,1,низкий класс
293,341,2025,2,43.2,8,8,19000000,Волгоградский проспект,7.0,1,низкий класс
294,342,2025,1,40.2,2,40,32500000,Динамо,17.0,1,низкий класс
295,343,2025,1,48.3,4,8,46854400,Крестьянская застава,4.0,1,низкий класс
296,344,2025,3,137.1,2,5,630000000,Тверская,10.0,0,средний класс
297,346,2025,2,44.6,16,26,17171892,Семёновская,20.0,1,низкий класс
298,347,2025,3,95.6,6,41,66920000,Динамо,15.0,0,средний класс
299,348,2025,3,146.0,6,12,115000000,Новокузнецкая,3.0,0,средний класс
300,349,2025,1,34.2,2,30,13208553,Борисово,5.0,1,низкий класс
301,350,2025,2,52.0,6,13,34400000,Динамо,8.0,1,низкий класс
302,351,2025,3,134.0,4,8,167000000,Кузнецкий мост,8.0,0,средний класс
303,352,2025,4,125.7,2,13,69219470,Фили,4.0,0,средний класс
304,353,2025,2,107.7,2,5,380000000,Библиотека им. Ленина,8.0,0,средний класс
305,354,2025,2,70.0,13,29,40000000,Кунцевская,4.0,1,низкий класс
306,355,2025,1,38.6,4,34,30146600,Парк Победы,17.0,1,низкий класс
307,357,2025,3,72.3,6,6,45000000,Сретенский бульвар,5.0,1,низкий класс
308,358,2025,2,119.5,2,6,202750000,Китай-город,14.0,0,средний класс
309,359,2025,3,124.7,15,16,205000000,Поклонная,17.0,0,средний класс
310,360,2025,2,106.0,2,5,155000000,Лубянка,4.0,0,средний класс
311,361,2025,3,183.4,3,4,370000000,Боровицкая,13.0,3,высокий класс
312,362,2025,4,108.4,6,17,30799999,Братиславская,3.0,0,средний класс
313,363,2025,4,250.25,4,6,180000000,Сухаревская,3.0,3,высокий класс
314,364,2025,1,44.1,3,14,24916500,Терехово,5.0,1,низкий класс
315,366,2025,3,97.0,3,13,93000000,Улица 1905 года,13.0,0,средний класс
316,367,2025,3,128.8,8,8,161000000,Смоленская,9.0,0,средний класс
317,369,2025,5,176.0,7,16,69800000,Тёплый Стан,6.0,3,высокий класс
318,370,2025,3,90.1,8,25,43996370,Петровский Парк,16.0,0,средний класс
319,371,2025,2,105.0,2,5,155000000,Лубянка,1.0,0,средний класс
320,372,2025,5,212.0,27,31,120000000,Давыдково,5.0,3,высокий класс
321,373,2025,1,48.9,7,13,93399000,Сухаревская,1.0,1,низкий класс
322,374,2025,3,137.9,2,4,255000000,Парк Культуры,7.0,0,средний класс
323,375,2025,5,202.9,26,44,120000000,Ломоносовский проспект,17.0,3,высокий класс
324,376,2025,4,176.5,2,6,377540000,Китай-город,14.0,3,высокий класс
325,379,2025,4,177.0,9,18,85000000,ЦСКА,9.0,3,высокий класс
326,380,2025,5,212.0,5,17,94990000,Раменки,7.0,3,высокий класс
327,381,2025,4,112.0,10,37,120000000,Аэропорт,12.0,0,средний класс
328,383,2025,4,142.0,9,18,159000000,Белорусская,12.0,0,средний класс
329,384,2025,3,128.3,18,34,210000000,Парк Победы,17.0,0,средний класс
330,385,2025,4,243.0,7,7,465000000,Белорусская,12.0,3,высокий класс
331,387,2025,3,115.0,3,7,210000000,Арбатская,10.0,0,средний класс
332,388,2025,4,186.0,9,10,250000000,Белорусская,4.0,3,высокий класс
333,390,2025,5,88.5,4,8,56200000,Смоленская,7.0,0,средний класс
334,391,2025,3,84.0,10,34,76000000,Парк Победы,17.0,1,низкий класс
335,392,2025,3,146.1,4,10,110000000,Бауманская,6.0,0,средний класс
336,393,2025,2,115.7,2,6,135000000,Воробьёвы горы,8.0,0,средний класс
337,394,2025,3,115.4,3,7,210000000,Арбатская,10.0,0,средний класс
338,395,2025,5,215.0,5,12,248000000,Мичуринский проспект,14.0,3,высокий класс
339,396,2025,1,34.7,2,3,5730000,Апрелевка,24.0,1,низкий класс
340,397,2025,1,30.0,2,5,12900000,Моссельмаш,6.0,1,низкий класс
341,399,2025,3,61.4,3,5,28000000,Смоленская,7.0,1,низкий класс
342,401,2025,3,66.5,4,6,84900000,Пушкинская,7.0,1,низкий класс
343,402,2025,4,134.0,5,41,139950000,Аэропорт,13.0,0,средний класс
344,403,2025,4,136.0,27,41,146000000,Аэропорт,12.0,0,средний класс
345,405,2025,4,170.0,20,41,200000000,Аэропорт,13.0,3,высокий класс
346,406,2025,5,350.0,7,12,350000000,Мичуринский проспект,17.0,2,элитный класс
347,407,2025,5,230.0,5,5,59000000,Войковская,5.0,3,высокий класс
348,409,2025,5,193.7,2,6,210000000,Павелецкая,10.0,3,высокий класс
349,410,2025,4,161.6,2,7,265500000,Арбатская,10.0,0,средний класс
350,413,2025,2,64.75,6,10,70000000,Парк Победы,12.0,1,низкий класс
351,414,2025,4,122.2,13,32,73900000,Павелецкая,16.0,0,средний класс
352,415,2025,4,130.7,22,26,115000000,Молодёжная,7.0,0,средний класс
353,416,2025,2,70.0,3,7,120000000,Арбатская,10.0,1,низкий класс
354,419,2025,3,123.4,5,10,260000000,Ломоносовский проспект,19.0,0,средний класс
355,420,2025,5,162.0,2,9,265500000,Арбатская,9.0,0,средний класс
356,423,2025,4,122.2,13,32,73900000,Павелецкая,9.0,0,средний класс
357,426,2025,4,113.0,2,10,186450000,Киевская,7.0,0,средний класс
358,428,2025,2,49.2,12,13,31000000,Минская,5.0,1,низкий класс
359,430,2025,2,52.6,3,4,44500000,Маяковская,11.0,1,низкий класс
360,431,2025,4,120.46,7,22,53000000,Шаболовская,11.0,0,средний класс
361,432,2025,2,67.0,30,79,59000000,Деловой центр,8.0,1,низкий класс
362,433,2025,3,85.0,7,8,64000000,Сухаревская,5.0,1,низкий класс
363,434,2025,3,107.0,14,28,67500000,Раменки,7.0,0,средний класс
364,439,2025,5,167.0,10,12,170000000,Мичуринский проспект,12.0,3,высокий класс
365,440,2025,4,190.0,7,12,190000000,Маяковская,3.0,3,высокий класс
366,441,2025,5,192.9,12,18,251000000,Ленинский проспект,17.0,3,высокий класс
367,444,2025,3,108.4,9,20,36800000,Трикотажная,10.0,0,средний класс
368,445,2025,2,67.5,7,8,53000000,Баррикадная,8.0,1,низкий класс
369,446,2025,3,85.1,7,9,64000000,Сухаревская,5.0,1,низкий класс
370,447,2025,3,94.0,5,7,70000000,Маяковская,6.0,0,средний класс
371,448,2025,4,147.0,6,24,72000000,Профсоюзная,9.0,0,средний класс
372,451,2025,4,160.0,20,23,97000000,Матвеевская,18.0,0,средний класс
373,452,2025,3,102.0,53,68,98000000,Москва-Сити,4.0,0,средний класс
374,453,2025,5,420.0,23,24,150000000,Октябрьское поле,10.0,2,элитный класс
375,454,2025,3,159.4,10,16,157000000,Смоленская,5.0,0,средний класс
376,455,2025,4,250.0,9,57,160000000,Аэропорт,10.0,3,высокий класс
377,456,2025,5,172.0,4,5,224000000,Трубная,7.0,3,высокий класс
378,457,2025,5,259.6,6,8,300000000,Смоленская,15.0,3,высокий класс
379,458,2025,5,213.9,4,6,313251599,Александровский сад,7.0,3,высокий класс
380,460,2025,4,226.0,11,11,800000000,Фрунзенская,11.0,3,высокий класс
381,461,2025,1,33.6,15,22,15990000,Хорошёвская,10.0,1,низкий класс
382,462,2025,3,82.0,12,23,30000000,Беляево,17.0,1,низкий класс
383,463,2025,2,61.9,19,40,39400000,ЗИЛ,8.0,1,низкий класс
384,464,2025,2,72.3,6,6,45000000,Чистые пруды,6.0,1,низкий класс
385,465,2025,2,75.2,3,12,46265000,Мичуринский проспект,17.0,1,низкий класс
386,466,2025,1,36.7,3,9,53000000,Маяковская,1.0,1,низкий класс
387,467,2025,3,68.0,3,28,54900000,Комсомольская,9.0,1,низкий класс
388,468,2025,3,80.0,5,7,60000000,Киевская,14.0,1,низкий класс
389,470,2025,3,79.0,27,41,65900000,Кутузовская,18.0,1,низкий класс
390,471,2025,3,110.0,6,17,78900000,Ломоносовский проспект,2.0,0,средний класс
391,472,2025,4,92.0,3,4,80000000,Арбатская,7.0,0,средний класс
392,473,2025,2,78.2,72,79,85000000,Москва-Сити,4.0,1,низкий класс
393,474,2025,2,85.7,59,79,87600000,Москва-Сити,4.0,1,низкий класс
394,476,2025,2,80.0,36,53,100000000,Москва-Сити,5.0,1,низкий класс
395,477,2025,4,115.0,26,37,109000000,Аэропорт,12.0,0,средний класс
396,478,2025,5,172.1,6,9,120000000,Ломоносовский проспект,7.0,3,высокий класс
397,480,2025,4,134.0,3,10,151420000,Парк Победы,12.0,0,средний класс
398,481,2025,3,99.2,2,5,159900000,Кропоткинская,7.0,0,средний класс
399,482,2025,5,171.2,2,4,170000000,Пушкинская,8.0,3,высокий класс
400,483,2025,5,115.0,4,7,184970000,Тверская,6.0,0,средний класс
401,485,2025,3,105.0,4,14,210000000,Фрунзенская,12.0,0,средний класс
402,487,2025,3,103.5,5,13,230000000,Фрунзенская,14.0,0,средний класс
403,488,2025,3,113.0,6,16,230000000,Спортивная,6.0,0,средний класс
404,489,2025,4,152.0,3,13,235000000,Парк Победы,11.0,0,средний класс
405,493,2025,5,303.4,57,76,260000000,Москва-Сити,3.0,2,элитный класс
406,495,2025,3,82.0,1,5,20999000,Дмитровская,6.0,1,низкий класс
407,496,2025,3,70.1,2,5,21499999,Коптево,18.0,1,низкий класс
408,497,2025,1,44.5,6,22,25000000,Телецентр,9.0,1,низкий класс
409,498,2025,3,79.2,5,6,65000000,Арбатская,6.0,1,низкий класс
410,499,2025,3,80.1,7,9,69490000,Тверская,4.0,1,низкий класс
411,501,2025,2,53.8,2,3,8330000,Апрелевка,23.0,1,низкий класс
412,502,2025,2,56.3,2,24,19950000,Коптево,10.0,1,низкий класс
413,503,2025,1,43.5,15,30,23990000,ВДНХ,14.0,1,низкий класс
414,504,2025,3,92.0,18,79,73000000,Москва-Сити,4.0,0,средний класс
415,508,2025,2,62.4,5,13,34000000,Парк Победы,15.0,1,низкий класс
416,509,2025,3,86.0,5,6,35990000,Технопарк,6.0,1,низкий класс
417,510,2025,2,75.2,7,31,40000000,Давыдково,5.0,1,низкий класс
418,513,2025,4,94.0,18,38,54500000,Аминьевская,8.0,0,средний класс
419,514,2025,3,93.6,14,14,65000000,ЗИЛ,12.0,0,средний класс
420,517,2025,4,111.3,25,32,119500000,Шелепиха,9.0,0,средний класс
421,519,2025,3,160.0,5,7,183000000,Полянка,7.0,0,средний класс
422,522,2025,5,340.0,5,6,650000000,Новокузнецкая,9.0,2,элитный класс
423,523,2025,3,55.6,1,5,12990000,Измайловская,12.0,1,низкий класс
424,525,2025,4,100.0,3,11,41000000,ЗИЛ,8.0,0,средний класс
425,526,2025,2,80.2,4,20,41500000,Мичуринский проспект,18.0,1,низкий класс
426,527,2025,4,106.0,30,39,42200000,Аминьевская,2.0,0,средний класс
427,528,2025,2,50.5,26,32,43000000,Парк Победы,17.0,1,низкий класс
428,529,2025,2,70.0,1,19,46900000,Шелепиха,18.0,1,низкий класс
429,530,2025,2,63.7,3,26,53900000,Красные ворота,2.0,1,низкий класс
430,532,2025,3,83.6,22,32,69000000,Парк Победы,17.0,1,низкий класс
431,533,2025,1,57.7,2,8,78700000,Чкаловская,13.0,1,низкий класс
432,535,2025,2,169.5,22,78,136790000,Деловой центр,4.0,3,высокий класс
433,536,2025,3,223.3,39,65,198000000,Деловой центр,4.0,3,высокий класс
434,537,2025,4,207.1,3,9,219000000,Александровский сад,14.0,3,высокий класс
435,538,2025,3,186.1,6,8,465250000,Арбатская,7.0,3,высокий класс
436,539,2025,2,54.5,6,8,33000000,Кунцевская,5.0,1,низкий класс
437,540,2025,3,104.0,3,24,38399000,Народное Ополчение,12.0,0,средний класс
438,541,2025,3,96.0,8,8,40000000,Баррикадная,18.0,0,средний класс
439,542,2025,3,71.0,29,39,45900000,Аминьевская,8.0,1,низкий класс
440,544,2025,4,102.4,4,15,63250000,Технопарк,14.0,0,средний класс
441,546,2025,3,110.5,6,29,77000000,Шаболовская,13.0,0,средний класс
442,547,2025,2,60.0,2,9,93000000,Китай-город,12.0,1,низкий класс
443,548,2025,3,102.6,10,34,93000000,Парк Победы,17.0,0,средний класс
444,549,2025,3,86.7,13,32,95000000,Парк Победы,17.0,1,низкий класс
445,550,2025,3,84.5,11,20,101400000,Краснопресненская,4.0,1,низкий класс
446,551,2025,3,100.9,14,34,110990000,Парк Победы,17.0,0,средний класс
447,552,2025,4,119.4,2,9,112236000,Китай-город,12.0,0,средний класс
448,553,2025,5,213.7,5,6,135000000,Китай-город,4.0,3,высокий класс
449,555,2025,4,134.0,3,21,175000000,Улица 1905 года,6.0,0,средний класс
450,557,2025,3,184.8,14,17,210000000,Смоленская,6.0,3,высокий класс
451,559,2025,3,209.6,47,68,350000000,Москва-Сити,4.0,3,высокий класс
452,560,2025,3,147.0,2,5,400000000,Кропоткинская,2.0,0,средний класс
453,561,2025,3,74.5,6,17,21500000,Лухмановская,17.0,1,низкий класс
454,562,2025,2,62.7,18,24,27300000,Багратионовская,8.0,1,низкий класс
455,563,2025,2,65.7,47,55,35500000,Марьина Роща,9.0,1,низкий класс
456,564,2025,2,74.2,10,19,43000000,Крестьянская застава,5.0,1,низкий класс
457,565,2025,2,53.0,32,33,44500000,Белорусская,11.0,1,низкий класс
458,567,2025,3,80.2,3,9,63000000,Терехово,18.0,1,низкий класс
459,569,2025,3,185.8,33,76,101853757,Москва-Сити,3.0,3,высокий класс
460,570,2025,4,104.0,4,14,107000000,Достоевская,9.0,0,средний класс
461,573,2025,5,268.0,11,11,210000000,Фили,3.0,3,высокий класс
462,574,2025,5,265.6,7,8,449899999,Таганская,9.0,3,высокий класс
463,575,2025,2,57.4,11,17,14490000,Рабочий посёлок,5.0,1,низкий класс
464,576,2025,2,70.5,6,22,25300000,Кожуховская,6.0,1,низкий класс
465,578,2025,3,80.0,6,6,35500000,Серпуховская,7.0,1,низкий класс
466,579,2025,3,67.0,3,7,39700000,Добрынинская,7.0,1,низкий класс
467,580,2025,2,58.0,4,9,41400000,Тверская,4.0,1,низкий класс
468,581,2025,3,72.0,2,12,46800000,Киевская,8.0,1,низкий класс
469,582,2025,4,90.0,2,5,47900000,Цветной бульвар,8.0,0,средний класс
470,584,2025,2,55.0,4,5,48900000,Баррикадная,11.0,1,низкий класс
471,585,2025,4,107.0,6,8,50000000,Смоленская,7.0,0,средний класс
472,586,2025,2,68.28,5,26,50000000,Белорусская,10.0,1,низкий класс
473,587,2025,4,110.0,8,8,52500000,Сухаревская,5.0,0,средний класс
474,588,2025,2,52.0,14,34,55000000,Парк Победы,17.0,1,низкий класс
475,589,2025,4,122.0,11,13,54900000,Таганская,5.0,0,средний класс
476,590,2025,4,132.2,3,14,60000000,Достоевская,9.0,0,средний класс
477,591,2025,4,125.0,2,8,62500000,Проспект Мира,1.0,0,средний класс
478,592,2025,4,140.0,19,22,64500000,Ленинский проспект,6.0,0,средний класс
479,593,2025,2,100.0,5,6,70000000,Павелецкая,5.0,0,средний класс
480,594,2025,2,73.4,8,11,70000000,Белорусская,3.0,1,низкий класс
481,596,2025,4,100.0,2,7,89500000,Трубная,4.0,0,средний класс
482,600,2025,5,218.0,14,57,195782249,Аэропорт,10.0,3,высокий класс
483,602,2025,5,266.0,7,8,449899999,Марксистская,13.0,3,высокий класс
484,603,2025,5,457.5,7,8,704816099,Охотный ряд,8.0,2,элитный класс
485,605,2025,2,58.6,3,3,7990000,Апрелевка,23.0,1,низкий класс
486,606,2025,2,71.0,4,7,32990000,Марксистская,6.0,1,низкий класс
487,608,2025,3,76.6,7,17,35500000,Новаторская,15.0,1,низкий класс
488,609,2025,3,58.5,6,9,37000000,Киевская,13.0,1,низкий класс
489,610,2025,3,63.0,8,10,49000000,Чистые пруды,6.0,1,низкий класс
490,611,2025,3,84.0,6,8,49990000,Ленинский проспект,11.0,1,низкий класс
491,612,2025,3,69.8,4,8,53644336,Смоленская,9.0,1,низкий класс
492,614,2025,4,93.1,7,8,57000000,Новокузнецкая,1.0,0,средний класс
493,615,2025,3,84.6,3,5,64990000,Маяковская,7.0,1,низкий класс
494,616,2025,3,88.0,13,34,90000000,Парк Победы,17.0,0,средний класс
495,618,2025,3,100.9,14,34,105000000,Парк Победы,17.0,0,средний класс
496,619,2025,3,85.0,17,21,120000000,Москва-Сити,12.0,1,низкий класс
497,620,2025,3,191.6,22,65,120038013,Деловой центр,4.0,3,высокий класс
498,621,2025,3,131.0,5,10,129500000,Белорусская,4.0,0,средний класс
499,623,2025,3,131.0,5,10,131000000,Белорусская,4.0,0,средний класс
500,624,2025,4,140.0,5,8,140000000,Спортивная,2.0,0,средний класс
501,625,2025,3,116.69,5,11,151697000,Парк Победы,9.0,0,средний класс
502,626,2025,5,178.0,3,7,170000000,Чистые пруды,8.0,3,высокий класс
503,628,2025,3,170.0,4,6,250000000,Смоленская,9.0,3,высокий класс
504,630,2025,4,273.0,7,7,335000000,Полянка,3.0,3,высокий класс
505,631,2025,5,265.0,7,8,450000000,Таганская,9.0,3,высокий класс
506,632,2025,1,38.1,7,17,10349000,Марьино,12.0,1,низкий класс
507,633,2025,2,46.2,3,9,17400000,Коньково,15.0,1,низкий класс
508,634,2025,1,38.8,14,14,24800000,ЗИЛ,11.0,1,низкий класс
509,635,2025,2,47.6,34,41,31553450,Кутузовская,18.0,1,низкий класс
510,636,2025,3,55.0,2,5,38000000,Фрунзенская,7.0,1,низкий класс
511,637,2025,2,70.3,24,26,58000000,Улица 1905 года,1.0,1,низкий класс
512,638,2025,4,343.2,5,5,62000000,,,2,элитный класс
513,639,2025,3,66.9,2,6,70000000,Смоленская,4.0,1,низкий класс
514,640,2025,3,130.7,5,10,129500000,Белорусская,4.0,0,средний класс
515,641,2025,2,84.63,2,5,128500000,Чистые пруды,6.0,1,низкий класс
516,643,2025,4,165.7,5,7,149000000,Спортивная,8.0,3,высокий класс
517,644,2025,4,182.5,1,4,156625799,Арбатская,6.0,3,высокий класс
518,647,2025,3,112.8,3,6,235000000,Охотный ряд,7.0,0,средний класс
519,648,2025,3,110.0,3,6,249000000,Новокузнецкая,9.0,0,средний класс
520,649,2025,4,286.5,5,8,1300000000,Кропоткинская,6.0,3,высокий класс
521,650,2025,1,38.1,11,17,11300000,Грачёвская,14.0,1,низкий класс
522,651,2025,1,38.0,8,16,12800000,Рассказовка,8.0,1,низкий класс
523,652,2025,1,28.4,17,17,16000000,Смоленская,6.0,1,низкий класс
524,653,2025,3,63.0,4,12,18200000,Коптево,15.0,1,низкий класс
525,655,2025,2,44.15,3,33,35000000,Белорусская,14.0,1,низкий класс
526,657,2025,2,92.7,6,7,42500000,Алексеевская,9.0,0,средний класс
527,658,2025,3,68.0,17,41,44000000,Кутузовская,18.0,1,низкий класс
528,659,2025,2,45.5,11,26,45500000,Матвеевская,18.0,1,низкий класс
529,662,2025,2,60.0,8,28,59000000,Октябрьская,11.0,1,низкий класс
530,663,2025,3,114.5,5,23,61500000,Матвеевская,18.0,0,средний класс
531,664,2025,4,95.7,11,17,62205000,Белорусская,2.0,0,средний класс
532,665,2025,4,97.6,9,53,63440000,Народное Ополчение,10.0,0,средний класс
533,666,2025,2,100.0,6,6,71000000,Серпуховская,7.0,0,средний класс
534,668,2025,1,79.0,71,79,75000000,Москва-Сити,4.0,1,низкий класс
535,669,2025,4,204.1,13,28,88500000,Щукинская,14.0,3,высокий класс
536,671,2025,3,136.0,3,8,96000000,Бауманская,17.0,0,средний класс
537,674,2025,5,159.5,4,4,118406730,Охотный ряд,5.0,0,средний класс
538,675,2025,2,109.0,6,6,120000000,Фрунзенская,12.0,0,средний класс
539,677,2025,3,142.6,8,10,167511293,Курская,12.0,0,средний класс
540,678,2025,4,168.8,8,10,211507480,Курская,12.0,3,высокий класс
541,680,2025,4,168.8,8,10,211507480,Чистые пруды,16.0,3,высокий класс
542,685,2025,5,400.0,8,11,600000000,Фрунзенская,12.0,2,элитный класс
543,686,2025,2,45.0,22,41,27500000,Кутузовская,18.0,1,низкий класс
544,687,2025,2,49.0,2,23,27999000,Давыдково,17.0,1,низкий класс
545,688,2025,2,46.0,14,24,31000000,Матвеевская,18.0,1,низкий класс
546,690,2025,3,98.6,14,34,75000000,Белорусская,11.0,0,средний класс
547,694,2025,1,35.0,16,25,10950000,Коммунарка,15.0,1,низкий класс
548,695,2025,1,36.0,7,32,11350000,Митино,6.0,1,низкий класс
549,697,2025,3,81.4,4,40,43900000,Аминьевская,8.0,1,низкий класс
550,698,2025,4,105.6,11,58,49000000,Народное Ополчение,10.0,0,средний класс
551,699,2025,3,78.2,27,41,66700000,Кутузовская,18.0,1,низкий класс
552,700,2025,3,80.5,5,20,75000000,Улица 1905 года,14.0,1,низкий класс
553,701,2025,2,112.0,9,22,82000000,Аэропорт,10.0,0,средний класс
554,703,2025,4,219.0,6,10,125000000,Баррикадная,8.0,3,высокий класс
555,704,2025,3,117.2,3,13,135000000,Парк Победы,9.0,0,средний класс
556,705,2025,3,220.0,6,7,156625799,Минская,7.0,3,высокий класс
557,707,2025,3,138.0,6,12,188000000,Фрунзенская,6.0,0,средний класс
558,712,2025,2,46.0,14,26,31000000,Матвеевская,19.0,1,низкий класс
559,713,2025,3,67.9,9,29,34000000,Народное Ополчение,9.0,1,низкий класс
560,714,2025,3,75.0,4,47,45000000,Павелецкая,9.0,1,низкий класс
561,715,2025,4,161.5,7,17,57000000,Раменки,5.0,0,средний класс
562,716,2025,4,100.0,6,20,69800000,Кунцевская,6.0,0,средний класс
563,717,2025,4,212.0,1,4,118000000,Молодёжная,6.0,3,высокий класс
564,718,2025,5,220.0,7,31,120000000,Славянский бульвар,19.0,3,высокий класс
565,719,2025,3,85.0,15,21,120000000,Деловой центр,14.0,1,низкий класс
566,720,2025,5,210.8,21,53,150000000,Поклонная,6.0,3,высокий класс
567,721,2025,2,75.3,6,8,155000000,Третьяковская,10.0,1,низкий класс
568,723,2025,5,287.0,8,8,175000000,Сретенский бульвар,3.0,3,высокий класс
569,725,2025,4,115.0,4,7,185000000,Тверская,6.0,0,средний класс
570,727,2025,2,160.0,6,16,280000000,Октябрьская,12.0,0,средний класс
571,729,2025,1,36.4,8,30,16000000,Волгоградский проспект,7.0,1,низкий класс
572,730,2025,1,45.3,9,31,23900000,Фили,15.0,1,низкий класс
573,732,2025,3,65.2,15,48,31800000,Дмитровская,12.0,1,низкий класс
574,733,2025,1,53.16,20,26,41550000,Белорусская,11.0,1,низкий класс
575,734,2025,3,65.7,8,36,42900000,Шелепиха,11.0,1,низкий класс
576,735,2025,1,60.0,9,33,46000000,Белорусская,11.0,1,низкий класс
577,736,2025,1,72.0,22,22,47990000,Терехово,6.0,1,низкий класс
578,737,2025,5,114.1,45,58,57000000,Народное Ополчение,10.0,0,средний класс
579,738,2025,4,113.0,28,32,58000000,Шелепиха,16.0,0,средний класс
580,739,2025,2,62.2,64,65,69900000,Деловой центр,6.0,1,низкий класс
581,740,2025,4,120.0,6,14,70000000,Авиамоторная,18.0,0,средний класс
582,742,2025,2,82.0,4,12,78000000,Парк Культуры,12.0,1,низкий класс
583,743,2025,2,68.9,4,13,85000000,Кутузовская,10.0,1,низкий класс
584,744,2025,3,92.1,8,15,96705000,Ломоносовский проспект,6.0,0,средний класс
585,745,2025,3,96.4,3,6,96800000,Матвеевская,20.0,0,средний класс
586,747,2025,4,170.2,3,3,156617968,Цветной бульвар,9.0,3,высокий класс
587,748,2025,3,135.0,7,9,158000000,Павелецкая,8.0,0,средний класс
588,749,2025,4,174.2,3,6,180000000,Щукинская,10.0,3,высокий класс
589,750,2025,5,115.0,4,7,184970000,Пушкинская,6.0,0,средний класс
590,751,2025,5,226.9,10,53,226000000,Поклонная,6.0,3,высокий класс
591,752,2025,4,171.0,12,17,250000000,Воробьёвы горы,14.0,3,высокий класс
592,754,2025,4,147.0,7,7,318787350,Охотный ряд,6.0,0,средний класс
593,757,2025,1,22.54,11,25,6500000,Озёрная,17.0,1,низкий класс
594,758,2025,1,33.5,1,9,9250000,Улица Старокачаловская,11.0,1,низкий класс
595,759,2025,1,30.9,4,5,9450000,Измайловская,12.0,1,низкий класс
596,760,2025,2,43.0,1,5,10990000,Измайловская,12.0,1,низкий класс
597,761,2025,3,83.6,3,10,18000000,Бульвар Адмирала Ушакова,3.0,1,низкий класс
598,762,2025,2,58.8,3,12,17900000,Братиславская,11.0,1,низкий класс
599,763,2025,3,78.0,16,22,19950000,Красногвардейская,5.0,1,низкий класс
600,764,2025,2,57.5,4,5,21000000,Полежаевская,8.0,1,низкий класс
601,765,2025,1,50.3,4,56,22500000,Матвеевская,6.0,1,низкий класс
602,768,2025,2,70.8,6,26,25000000,Водный стадион,8.0,1,низкий класс
603,769,2025,3,77.2,4,5,26200000,Молодёжная,13.0,1,низкий класс
604,771,2025,2,59.0,7,26,29000000,Авиамоторная,16.0,1,низкий класс
605,772,2025,1,53.0,4,12,30000000,ЦСКА,12.0,1,низкий класс
606,774,2025,2,54.3,6,21,31900000,Белорусская,9.0,1,низкий класс
607,775,2025,2,61.5,10,10,32000000,Кутузовская,12.0,1,низкий класс
608,776,2025,3,92.0,24,25,33500000,Говорово,10.0,0,средний класс
609,777,2025,2,70.2,31,35,33500000,Раменки,8.0,1,низкий класс
610,778,2025,2,63.5,1,10,34000000,Фрунзенская,8.0,1,низкий класс
611,779,2025,3,75.0,15,22,34550000,Авиамоторная,16.0,1,низкий класс
612,780,2025,3,100.0,4,29,36500000,Рабочий посёлок,5.0,0,средний класс
613,781,2025,2,56.9,27,41,38000000,Кутузовская,17.0,1,низкий класс
614,782,2025,2,56.8,29,41,39000000,Кутузовская,17.0,1,низкий класс
615,783,2025,2,54.4,6,7,39000000,Марьина Роща,17.0,1,низкий класс
616,784,2025,3,85.0,18,40,46500000,Аминьевская,8.0,1,низкий класс
617,785,2025,3,115.0,28,30,47000000,Сокол,16.0,0,средний класс
618,786,2025,2,39.6,23,34,19573716,Нагорная,8.0,1,низкий класс
619,787,2025,2,41.3,3,28,17564890,Хорошёво,19.0,1,низкий класс
620,788,2025,1,35.3,2,27,19189080,Аминьевская,7.0,1,низкий класс
621,790,2025,2,49.4,3,13,19612400,Печатники,13.0,1,низкий класс
622,791,2025,3,95.4,7,9,10500000,Крёкшино,8.0,0,средний класс
623,792,2025,2,46.9,14,14,11400000,Медведково,6.0,1,низкий класс
624,793,2025,1,43.5,10,28,18661500,Хорошёвская,20.0,1,низкий класс
625,794,2025,1,32.6,6,9,9700000,Новоясеневская,18.0,1,низкий класс
626,795,2025,2,47.1,7,28,19852650,Хорошёвская,20.0,1,низкий класс
627,796,2025,1,42.9,2,23,19719235,Мичуринский проспект,4.0,1,низкий класс
628,797,2025,1,45.8,4,23,15800000,Озёрная,11.0,1,низкий класс
629,798,2025,1,37.3,2,30,19000000,Волгоградский проспект,12.0,1,низкий класс
630,799,2025,2,35.4,3,20,16139214,Водный стадион,7.0,1,низкий класс
631,800,2025,2,40.0,5,12,14680000,Первомайская,11.0,1,низкий класс
632,801,2025,1,36.2,15,19,15570026,Печатники,13.0,1,низкий класс
633,802,2025,2,54.3,3,16,13600000,Новоясеневская,20.0,1,низкий класс
634,803,2025,2,52.3,1,12,12300000,Новогиреево,5.0,1,низкий класс
635,804,2025,2,44.0,23,32,15939924,Стахановская,4.0,1,низкий класс
636,805,2025,2,40.2,10,18,18000000,Ломоносовский проспект,8.0,1,низкий класс
637,807,2025,1,37.0,16,30,18725434,Волгоградский проспект,2.0,1,низкий класс
638,808,2025,1,38.3,12,17,11999999,Борисово,3.0,1,низкий класс
639,809,2025,2,36.0,5,9,16700000,Пролетарская,14.0,1,низкий класс
640,810,2025,1,32.1,3,55,18156948,Октябрьское поле,15.0,1,низкий класс
641,811,2025,3,70.6,11,14,19618200,Тёплый Стан,12.0,1,низкий класс
642,812,2025,2,62.6,4,25,19126030,Бульвар Рокоссовского,2.0,1,низкий класс
643,814,2025,2,40.7,2,29,17948700,Фонвизинская,20.0,1,низкий класс
644,815,2025,2,53.3,11,16,14900000,Ясенево,4.0,1,низкий класс
645,816,2025,1,41.0,2,12,11000000,Семёновская,14.0,1,низкий класс
646,817,2025,2,48.8,21,22,15567200,Моссельмаш,6.0,1,низкий класс
647,819,2025,2,50.0,11,16,14700000,Авиамоторная,11.0,1,низкий класс
648,820,2025,1,29.9,20,29,13978250,Новые Черёмушки,11.0,1,низкий класс
649,821,2025,1,38.9,17,22,15900000,Селигерская,13.0,1,низкий класс
650,822,2025,1,39.4,25,25,15000000,Аминьевская,14.0,1,низкий класс
651,823,2025,3,58.8,3,9,19900000,Тёплый Стан,8.0,1,низкий класс
652,825,2025,1,40.0,4,14,11500000,Прокшино,6.0,1,низкий класс
653,826,2025,3,74.0,5,5,18000000,Спартак,5.0,1,низкий класс
654,827,2025,1,33.1,24,29,18656484,Печатники,3.0,1,низкий класс
655,828,2025,1,31.4,1,5,9250000,Измайловская,12.0,1,низкий класс
656,829,2025,1,29.7,8,9,11000000,Бабушкинская,2.0,1,низкий класс
657,830,2025,2,48.1,4,21,19624800,Давыдково,12.0,1,низкий класс
658,831,2025,2,43.1,4,5,11250000,Измайловская,12.0,1,низкий класс
659,832,2025,2,44.9,9,9,16000000,Беляево,8.0,1,низкий класс
660,833,2025,1,46.3,19,20,18622786,Водный стадион,4.0,1,низкий класс
661,834,2025,1,36.8,9,12,19600000,Маяковская,5.0,1,низкий класс
662,835,2025,3,71.0,10,12,15900000,Алма-Атинская,11.0,1,низкий класс
663,836,2025,2,43.4,3,21,16248960,Волгоградский проспект,20.0,1,низкий класс
664,838,2025,2,32.0,4,5,15850000,Шаболовская,7.0,1,низкий класс
665,839,2025,1,35.9,5,21,13992922,Волгоградский проспект,18.0,1,низкий класс
666,840,2025,2,53.5,12,14,19500000,Ольховая,19.0,1,низкий класс
667,841,2025,1,49.3,1,6,18999000,Улица 1905 года,12.0,1,низкий класс
668,842,2025,3,76.0,16,22,16682976,Рассказовка,6.0,1,низкий класс
669,843,2025,2,33.0,9,15,7800000,Кокошкино,18.0,1,низкий класс
670,844,2025,1,40.0,7,22,13800000,Шипиловская,18.0,1,низкий класс
671,847,2025,2,44.0,3,9,9950000,Пражская,11.0,1,низкий класс
672,848,2025,1,38.5,2,17,9848422,Мичуринец,18.0,1,низкий класс
673,850,2025,3,75.2,8,14,18800000,Потапово,4.0,1,низкий класс
674,851,2025,1,36.2,4,15,16203120,Тушинская,4.0,1,низкий класс
675,852,2025,1,31.2,1,4,8500000,Физтех,4.0,1,низкий класс
676,853,2025,2,56.0,5,14,13900000,Марьино,9.0,1,низкий класс
677,854,2025,1,35.0,2,18,17035200,Спартак,20.0,1,низкий класс
678,856,2025,2,43.4,1,9,10890000,Гольяново,7.0,1,низкий класс
679,857,2025,2,40.0,8,9,13500000,Волжская,8.0,1,низкий класс
680,858,2025,1,38.5,11,12,11000000,Пражская,4.0,1,низкий класс
681,859,2025,2,42.0,7,14,15700000,Беляево,17.0,1,низкий класс
682,860,2025,1,36.0,16,24,11250000,Красногвардейская,5.0,1,низкий класс
683,861,2025,3,58.9,5,5,18000000,Университет Дружбы Народов,13.0,1,низкий класс
684,862,2025,1,43.8,5,14,11300000,Новомосковская,9.0,1,низкий класс
685,863,2025,2,51.8,8,12,18500000,Давыдково,6.0,1,низкий класс
686,864,2025,2,61.6,2,25,11300000,Рассказовка,8.0,1,низкий класс
687,865,2025,2,40.6,2,17,10947636,Мичуринец,18.0,1,низкий класс
688,866,2025,1,35.5,10,16,13300000,Калужская,17.0,1,низкий класс
689,867,2025,2,36.7,2,9,11490000,Беломорская,9.0,1,низкий класс
690,868,2025,2,55.1,19,29,19186481,Андроновка,16.0,1,низкий класс
691,869,2025,3,74.3,6,17,18800000,Некрасовка,3.0,1,низкий класс
692,870,2025,1,36.6,8,16,11500000,Медведково,8.0,1,низкий класс
693,871,2025,1,38.93,12,21,18097194,Селигерская,6.0,1,низкий класс
694,872,2025,3,64.8,3,16,20000000,Отрадное,6.0,1,низкий класс
695,873,2025,1,39.0,10,14,11555511,Братиславская,12.0,1,низкий класс
696,874,2025,1,36.1,20,58,19376314,Калужская,7.0,1,низкий класс
697,875,2025,3,58.0,6,9,18900000,Профсоюзная,14.0,1,низкий класс
698,876,2025,2,42.4,2,5,11700000,Сходненская,5.0,1,низкий класс
699,877,2025,1,39.9,23,30,19092868,Борисово,5.0,1,низкий класс
700,880,2025,1,36.25,2,16,18251875,Автозаводская,3.0,1,низкий класс
701,881,2025,2,46.0,6,12,14500000,Мякинино,18.0,1,низкий класс
702,882,2025,1,30.4,5,9,9000000,Генерала Тюленева,5.0,1,низкий класс
703,883,2025,2,38.2,13,30,13267013,Окская,10.0,1,низкий класс
704,885,2025,2,39.0,3,11,10700000,Черкизовская,5.0,1,низкий класс
705,886,2025,1,37.0,3,35,11377500,Ростокино,6.0,1,низкий класс
706,887,2025,1,41.5,6,33,12800000,Дегунино,4.0,1,низкий класс
707,888,2025,2,49.7,15,32,17763973,Стахановская,4.0,1,низкий класс
708,889,2025,3,55.9,4,5,13200000,Измайловская,12.0,1,низкий класс
709,890,2025,2,58.0,2,17,15990000,Нахимовский проспект,16.0,1,низкий класс
710,891,2025,1,36.7,8,16,9612280,Бунинская аллея,10.0,1,низкий класс
711,892,2025,1,42.4,7,23,14500000,Улица Академика Янгеля,3.0,1,низкий класс
712,894,2025,2,38.5,9,9,14500000,Зюзино,9.0,1,низкий класс
713,895,2025,3,80.62,14,16,18402482,Беломорская,17.0,1,низкий класс
714,896,2025,3,69.8,5,16,17631480,Бунинская аллея,10.0,1,низкий класс
715,897,2025,2,37.0,8,9,15490000,Кунцевская,4.0,1,низкий класс
716,898,2025,1,30.0,3,7,10990000,Площадь Ильича,17.0,1,низкий класс
717,899,2025,2,58.4,7,7,19762560,Прокшино,10.0,1,низкий класс
718,900,2025,1,24.12,9,21,6790000,Озёрная,17.0,1,низкий класс
719,901,2025,1,40.71,5,45,16568970,Печатники,5.0,1,низкий класс
720,902,2025,1,38.5,7,17,8199000,Кедровая,1.0,1,низкий класс
721,904,2025,2,52.0,10,16,13891280,Бунинская аллея,10.0,1,низкий класс
722,905,2025,2,47.0,12,12,15700000,Царицыно,3.0,1,низкий класс
723,906,2025,3,64.8,2,17,15770676,Мичуринец,18.0,1,низкий класс
724,909,2025,2,44.0,6,9,12590000,Перово,13.0,1,низкий класс
725,910,2025,1,40.7,17,29,16714880,Андроновка,16.0,1,низкий класс
726,911,2025,3,62.8,2,9,15500000,Кунцевская,8.0,1,низкий класс
727,912,2025,1,33.5,5,9,8290000,Гольяново,16.0,1,низкий класс
728,913,2025,1,39.6,29,59,17806140,Давыдково,4.0,1,низкий класс
729,914,2025,3,60.0,2,17,15300000,Потапово,16.0,1,низкий класс
730,915,2025,3,72.9,22,25,14999999,Новоподрезково,12.0,1,низкий класс
731,916,2025,1,41.6,21,59,18139680,Давыдково,4.0,1,низкий класс
732,917,2025,1,37.2,4,17,14500000,Крылатское,4.0,1,низкий класс
733,919,2025,1,37.1,15,33,16031301,Текстильщики,20.0,1,низкий класс
734,920,2025,2,43.8,1,9,14300000,Юго-Западная,7.0,1,низкий класс
735,921,2025,1,30.0,23,23,10699990,Волгоградский проспект,2.0,1,низкий класс
736,922,2025,1,35.43,39,59,17403747,Давыдково,5.0,1,низкий класс
737,923,2025,1,42.4,12,14,8500000,Бутово,8.0,1,низкий класс
738,924,2025,1,30.1,5,8,13500000,Москва-Товарная,12.0,1,низкий класс
739,925,2025,2,57.0,5,30,13867416,Аннино,6.0,1,низкий класс
740,926,2025,3,58.4,3,9,17280000,Беляево,8.0,1,низкий класс
741,928,2025,1,38.0,13,15,15870000,Медведково,5.0,1,низкий класс
742,929,2025,1,37.8,13,22,10899000,Алтуфьево,3.0,1,низкий класс
743,930,2025,1,36.99,30,59,17745582,Давыдково,5.0,1,низкий класс
744,931,2025,2,45.0,3,5,12500000,Нижегородская,18.0,1,низкий класс
745,932,2025,1,30.0,5,5,8590000,Первомайская,17.0,1,низкий класс
746,933,2025,1,40.8,2,9,17450160,Водный стадион,4.0,1,низкий класс
747,934,2025,2,57.7,3,5,15900000,Рабочий посёлок,12.0,1,низкий класс
748,935,2025,2,44.3,6,8,13999000,Нагатинская,11.0,1,низкий класс
749,936,2025,1,31.61,17,44,19557107,Кунцевская,13.0,1,низкий класс
750,937,2025,1,38.6,18,27,17000000,Серебряный Бор,13.0,1,низкий класс
751,938,2025,2,53.7,8,14,14000000,Медведково,5.0,1,низкий класс
752,939,2025,1,45.0,2,16,16908750,Волгоградский проспект,18.0,1,низкий класс
753,940,2025,2,44.5,4,9,12500000,Рабочий посёлок,3.0,1,низкий класс
754,942,2025,1,33.89,15,30,19510473,Кунцевская,13.0,1,низкий класс
755,943,2025,1,40.5,9,17,12500000,Рассказовка,13.0,1,низкий класс
756,944,2025,3,63.0,9,12,15600000,Аннино,20.0,1,низкий класс
757,945,2025,1,46.8,10,29,17830800,Новые Черёмушки,11.0,1,низкий класс
758,946,2025,3,64.9,13,16,19200000,Варшавская,9.0,1,низкий класс
759,947,2025,1,38.0,6,24,9800000,Люблино,18.0,1,низкий класс
760,948,2025,2,46.6,9,20,18853708,Водный стадион,4.0,1,низкий класс
761,949,2025,3,60.6,9,9,16300000,Нижегородская,10.0,1,низкий класс
762,950,2025,1,39.0,2,17,11300000,Грачёвская,12.0,1,низкий класс
763,951,2025,1,40.7,17,21,19007200,Тушинская,5.0,1,низкий класс
764,952,2025,2,49.7,4,12,10700000,Новогиреево,6.0,1,низкий класс
765,953,2025,2,71.0,17,19,10500000,Толстопальцево,4.0,1,низкий класс
766,954,2025,2,53.9,11,40,18731435,Новохохловская,11.0,1,низкий класс
767,955,2025,3,62.1,3,12,18250000,Бескудниково,6.0,1,низкий класс
768,957,2025,2,50.3,12,21,18907770,Волгоградский проспект,5.0,1,низкий класс
769,958,2025,1,28.9,3,26,17770861,Технопарк,6.0,1,низкий класс
770,959,2025,1,42.2,28,30,15266694,Аннино,4.0,1,низкий класс
771,960,2025,2,44.0,2,6,15900000,ВДНХ,10.0,1,низкий класс
772,961,2025,1,39.8,4,26,16915398,Семёновская,20.0,1,низкий класс
773,962,2025,3,78.0,14,25,16000000,Рассказовка,7.0,1,низкий класс
774,963,2025,1,37.3,6,21,14566582,Волгоградский проспект,5.0,1,низкий класс
775,965,2025,1,37.7,29,30,19471296,Волгоградский проспект,12.0,1,низкий класс
776,966,2025,2,59.8,25,25,19600000,Рассказовка,9.0,1,низкий класс
777,968,2025,1,39.7,17,21,19211028,Селигерская,6.0,1,низкий класс
778,970,2025,2,38.1,6,14,10990000,Перово,5.0,1,низкий класс
779,971,2025,1,44.0,18,26,16961340,Семёновская,20.0,1,низкий класс
780,972,2025,3,57.8,1,9,14200000,Ботанический сад,6.0,1,низкий класс
781,973,2025,1,39.9,24,25,15400000,Домодедовская,8.0,1,низкий класс
782,974,2025,2,42.1,25,28,19702800,Хорошёво,19.0,1,низкий класс
783,976,2025,1,36.0,13,14,8100000,Кокошкино,18.0,1,низкий класс
784,977,2025,1,33.0,3,5,9300000,Филатов Луг,12.0,1,низкий класс
785,978,2025,2,38.5,13,20,16886870,Водный стадион,7.0,1,низкий класс
786,979,2025,2,44.0,6,9,14800000,Отрадное,5.0,1,низкий класс
787,981,2025,2,50.0,10,29,17960000,Новые Черёмушки,13.0,1,низкий класс
788,982,2025,2,43.1,2,5,13400000,Бабушкинская,12.0,1,низкий класс
789,983,2025,1,41.8,2,9,8300000,Подольск,17.0,1,низкий класс
790,984,2025,1,43.0,1,9,8400000,Крёкшино,9.0,1,низкий класс
791,985,2025,1,44.16,16,49,19258353,Рижская,16.0,1,низкий класс
792,987,2025,1,34.8,40,48,17417400,Тушинская,6.0,1,низкий класс
793,988,2025,1,39.0,2,4,8500000,Филатов Луг,12.0,1,низкий класс
794,989,2025,1,44.8,23,29,17651200,Новые Черёмушки,13.0,1,низкий класс
795,990,2025,1,37.3,24,30,17844320,Тушинская,4.0,1,низкий класс
796,992,2025,2,47.4,5,7,25692933,Марьина Роща,18.0,1,низкий класс
797,995,2025,2,47.1,35,42,24841055,Нагорная,20.0,1,низкий класс
798,996,2025,4,81.4,26,30,28367900,Угрешская,5.0,1,низкий класс
799,997,2025,2,45.3,8,13,26780830,Давыдково,17.0,1,низкий класс
800,998,2025,2,45.0,4,14,27688700,Минская,5.0,1,низкий класс
801,999,2025,3,59.4,31,34,27997815,Воронцовская,7.0,1,низкий класс
802,1000,2025,3,74.7,42,59,29271195,Давыдково,4.0,1,низкий класс
803,1001,2025,3,77.5,3,22,26000000,Мичуринский проспект,9.0,1,низкий класс
804,1002,2025,3,79.4,1,17,24950000,Медведково,3.0,1,низкий класс
805,1003,2025,3,65.0,2,12,24950000,Балтийская,2.0,1,низкий класс
806,1004,2025,3,80.0,12,14,25299000,Дегунино,20.0,1,низкий класс
